-- phpMyAdmin SQL Dump
-- version 4.7.4
-- https://www.phpmyadmin.net/
--
-- Hôte : 127.0.0.1:3306
-- Généré le :  mer. 21 déc. 2022 à 20:19
-- Version du serveur :  5.7.19
-- Version de PHP :  5.6.31

SET SQL_MODE = "NO_AUTO_VALUE_ON_ZERO";
SET AUTOCOMMIT = 0;
START TRANSACTION;
SET time_zone = "+00:00";

/*!40101 SET @OLD_CHARACTER_SET_CLIENT=@@CHARACTER_SET_CLIENT */;
/*!40101 SET @OLD_CHARACTER_SET_RESULTS=@@CHARACTER_SET_RESULTS */;
/*!40101 SET @OLD_COLLATION_CONNECTION=@@COLLATION_CONNECTION */;
/*!40101 SET NAMES utf8mb4 */;

--
-- Base de données :  `karatra`
--

-- --------------------------------------------------------

--
-- Structure de la table `arrondissement`
--

DROP TABLE IF EXISTS `arrondissement`;
CREATE TABLE IF NOT EXISTS `arrondissement` (
  `idArrondissement` int(11) NOT NULL AUTO_INCREMENT,
  `nomArrondissement` varchar(100) NOT NULL,
  `adressArrondissement` varchar(100) NOT NULL,
  PRIMARY KEY (`idArrondissement`)
) ENGINE=MyISAM AUTO_INCREMENT=2 DEFAULT CHARSET=latin1;

--
-- Déchargement des données de la table `arrondissement`
--

INSERT INTO `arrondissement` (`idArrondissement`, `nomArrondissement`, `adressArrondissement`) VALUES
(1, 'VILLE HAUTE', 'V.H');

-- --------------------------------------------------------

--
-- Structure de la table `individu`
--

DROP TABLE IF EXISTS `individu`;
CREATE TABLE IF NOT EXISTS `individu` (
  `cin` varchar(12) NOT NULL,
  `nom` varchar(75) NOT NULL,
  `prenom` varchar(150) NOT NULL,
  `nomPere` varchar(150) NOT NULL,
  `nomMere` varchar(150) NOT NULL,
  `lieunais` varchar(100) NOT NULL,
  `datenais` date DEFAULT NULL,
  `domicile` varchar(100) NOT NULL,
  `cicatrice` varchar(50) DEFAULT NULL,
  `longueur` float NOT NULL,
  `datelivrance` date DEFAULT NULL,
  `imgFaceFM` varchar(250) NOT NULL,
  `imgDosFM` varchar(250) NOT NULL,
  `p_idOrigine` int(11) NOT NULL,
  `p_idArrondissement` int(11) NOT NULL,
  `p_idProfession` int(20) NOT NULL,
  PRIMARY KEY (`cin`),
  KEY `p_idOrigine` (`p_idOrigine`),
  KEY `p_idArrondissement` (`p_idArrondissement`),
  KEY `p_idProfession` (`p_idProfession`)
) ENGINE=MyISAM DEFAULT CHARSET=latin1;

--
-- Déchargement des données de la table `individu`
--

INSERT INTO `individu` (`cin`, `nom`, `prenom`, `nomPere`, `nomMere`, `lieunais`, `datenais`, `domicile`, `cicatrice`, `longueur`, `datelivrance`, `imgFaceFM`, `imgDosFM`, `p_idOrigine`, `p_idArrondissement`, `p_idProfession`) VALUES
('201011028460', 'LEFORT', 'Nomenjanahary Nuno', 'AAAAAA', 'BBBBBB', 'TAMATAVE', '2000-07-29', 'ROVA 206', NULL, 1.2, '2018-08-07', '', '', 1, 1, 1),
('201011011028', 'AAAAA', 'AAAAA', 'AAAAA', 'BBBBB', 'AAAAAA', '2003-12-12', 'VVVVV', 'Aucune', 1.5, '2022-12-20', '1671566365793-Games-Wallpapers-Pc-Gamer-Wallpaper-4k-Free-Wallpaper-.jpg', '1671566365796-thumb-1920-911358.jpg', 1, 1, 1),
('201012028460', 'BBBBBBB', 'Nomenjanahary Nuno', 'AAAAAA', 'BBBBBB', 'TAMATAVE', '2000-07-29', 'ROVA 206', NULL, 1.2, '2018-08-07', '1671616914954-16716168798366083694080007117709.jpg', '1671616914960-16716169017814839170552246636196.jpg', 1, 1, 1);

-- --------------------------------------------------------

--
-- Structure de la table `origine`
--

DROP TABLE IF EXISTS `origine`;
CREATE TABLE IF NOT EXISTS `origine` (
  `idOrigine` int(11) NOT NULL AUTO_INCREMENT,
  `nomOrigine` varchar(30) NOT NULL,
  PRIMARY KEY (`idOrigine`)
) ENGINE=MyISAM AUTO_INCREMENT=5 DEFAULT CHARSET=latin1;

--
-- Déchargement des données de la table `origine`
--

INSERT INTO `origine` (`idOrigine`, `nomOrigine`) VALUES
(1, 'Betsileo'),
(2, 'Merina');

-- --------------------------------------------------------

--
-- Structure de la table `procedure_cin`
--

DROP TABLE IF EXISTS `procedure_cin`;
CREATE TABLE IF NOT EXISTS `procedure_cin` (
  `idProcedureCin` int(11) NOT NULL AUTO_INCREMENT,
  `approbation` varchar(4) DEFAULT 'oui',
  `etatCin` varchar(15) NOT NULL,
  `dateProcedure` date NOT NULL,
  `numSeries` varchar(15) NOT NULL,
  `observation` varchar(50) DEFAULT NULL,
  `p_idUtilisateur` int(11) NOT NULL,
  `p_cin` varchar(12) NOT NULL,
  PRIMARY KEY (`idProcedureCin`),
  KEY `p_idUtilisateur` (`p_idUtilisateur`),
  KEY `p_cin` (`p_cin`)
) ENGINE=MyISAM AUTO_INCREMENT=2890 DEFAULT CHARSET=latin1;

--
-- Déchargement des données de la table `procedure_cin`
--

INSERT INTO `procedure_cin` (`idProcedureCin`, `approbation`, `etatCin`, `dateProcedure`, `numSeries`, `observation`, `p_idUtilisateur`, `p_cin`) VALUES
(1, 'oui', 'PRIMA', '2018-08-07', '2568/B', NULL, 1, '201011028460'),
(2, 'oui', 'PRIMA', '2022-12-20', '84651/A', '22222', 1, '201011028460'),
(3, '1', 'USURE', '2022-12-20', '5651/A', 'SSSSSSSSSS', 1, '201011011028'),
(4, 'oui', 'PRIMA', '2022-12-20', '5241/D', 'DDDDDD', 1, '201012028460'),
(5, 'oui', 'USURE', '2022-12-21', '72920/B', 'hsjsksks', 3, '20111'),
(6, 'oui', 'PRIMA', '2022-12-21', '796/A', 'bbbbb', 3, '201011011011'),
(7, 'oui', 'PERTE', '2022-12-21', '513/A', 'aucune', 3, '201011028460'),
(8, 'oui', 'PERTE', '2022-08-20', '5241/D', 'ZZZZZ', 1, '201012028460'),
(9, 'oui', 'PERTE', '2022-07-20', '5241/D', 'XXXXX', 1, '201012028460'),
(10, 'oui', 'PERTE', '2022-08-20', '5241/D', 'BBBBBB', 1, '201012028460'),
(11, 'oui', 'PERTE', '2022-08-10', '5241/D', 'KKKKK', 1, '201012028460'),
(12, 'oui', 'PERTE', '2022-08-29', '5241/D', 'PPPPP', 2, '201012028460'),
(13, 'oui', 'PERTE', '2022-08-18', '5241/D', 'JJJJJ', 2, '201012028460'),
(14, 'oui', 'PERTE', '2022-08-14', '5241/D', 'FRRE', 1, '201012028460'),
(15, 'oui', 'PRIMA', '2018-08-07', '2568/B', NULL, 1, '201011028460'),
(25, 'oui', 'PRIMA', '2022-12-20', '84651/A', '22222', 1, '201011028460'),
(35, '1', 'USURE', '2022-12-20', '5651/A', 'SSSSSSSSSS', 1, '201011011028'),
(45, 'oui', 'PRIMA', '2022-12-20', '5241/D', 'DDDDDD', 1, '201012028460'),
(55, 'oui', 'USURE', '2022-12-21', '72920/B', 'hsjsksks', 3, '20111'),
(65, 'oui', 'PRIMA', '2022-12-21', '796/A', 'bbbbb', 3, '201011011011'),
(75, 'oui', 'PERTE', '2022-12-21', '513/A', 'aucune', 3, '201011028460'),
(85, 'oui', 'PERTE', '2022-08-20', '5241/D', 'ZZZZZ', 1, '201012028460'),
(95, 'oui', 'PERTE', '2022-07-20', '5241/D', 'XXXXX', 1, '201012028460'),
(105, 'oui', 'PERTE', '2022-08-20', '5241/D', 'BBBBBB', 1, '201012028460'),
(115, 'oui', 'PERTE', '2022-08-10', '5241/D', 'KKKKK', 1, '201012028460'),
(125, 'oui', 'PERTE', '2022-08-29', '5241/D', 'PPPPP', 2, '201012028460'),
(135, 'oui', 'PERTE', '2022-08-18', '5241/D', 'JJJJJ', 2, '201012028460'),
(145, 'oui', 'PERTE', '2022-08-14', '5241/D', 'FRRE', 1, '201012028460'),
(159, 'oui', 'PRIMA', '2018-08-07', '2568/B', NULL, 1, '201011028460'),
(259, 'oui', 'PRIMA', '2022-12-20', '84651/A', '22222', 1, '201011028460'),
(359, '1', 'USURE', '2022-12-20', '5651/A', 'SSSSSSSSSS', 1, '201011011028'),
(459, 'oui', 'PRIMA', '2022-12-20', '5241/D', 'DDDDDD', 1, '201012028460'),
(559, 'oui', 'USURE', '2022-12-21', '72920/B', 'hsjsksks', 3, '20111'),
(659, 'oui', 'PRIMA', '2022-12-21', '796/A', 'bbbbb', 3, '201011011011'),
(759, 'oui', 'PERTE', '2022-12-21', '513/A', 'aucune', 3, '201011028460'),
(859, 'oui', 'PERTE', '2022-08-20', '5241/D', 'ZZZZZ', 1, '201012028460'),
(959, 'oui', 'PERTE', '2022-07-20', '5241/D', 'XXXXX', 1, '201012028460'),
(1059, 'oui', 'PERTE', '2022-08-20', '5241/D', 'BBBBBB', 1, '201012028460'),
(1159, 'oui', 'PERTE', '2022-08-10', '5241/D', 'KKKKK', 1, '201012028460'),
(1259, 'oui', 'PERTE', '2022-08-29', '5241/D', 'PPPPP', 2, '201012028460'),
(1359, 'oui', 'PERTE', '2022-08-18', '5241/D', 'JJJJJ', 2, '201012028460'),
(1459, 'oui', 'PERTE', '2022-08-14', '5241/D', 'FRRE', 1, '201012028460'),
(156, 'oui', 'PRIMA', '2018-08-07', '2568/B', NULL, 1, '201011028460'),
(256, 'oui', 'PRIMA', '2022-12-20', '84651/A', '22222', 1, '201011028460'),
(356, '1', 'USURE', '2022-12-20', '5651/A', 'SSSSSSSSSS', 1, '201011011028'),
(456, 'oui', 'PRIMA', '2022-12-20', '5241/D', 'DDDDDD', 1, '201012028460'),
(556, 'oui', 'USURE', '2022-12-21', '72920/B', 'hsjsksks', 3, '20111'),
(656, 'oui', 'PRIMA', '2022-12-21', '796/A', 'bbbbb', 3, '201011011011'),
(756, 'oui', 'PERTE', '2022-12-21', '513/A', 'aucune', 3, '201011028460'),
(856, 'oui', 'PERTE', '2022-08-20', '5241/D', 'ZZZZZ', 1, '201012028460'),
(956, 'oui', 'PERTE', '2022-07-20', '5241/D', 'XXXXX', 1, '201012028460'),
(1056, 'oui', 'PERTE', '2022-08-20', '5241/D', 'BBBBBB', 1, '201012028460'),
(1156, 'oui', 'PERTE', '2022-08-10', '5241/D', 'KKKKK', 1, '201012028460'),
(1256, 'oui', 'PERTE', '2022-08-29', '5241/D', 'PPPPP', 2, '201012028460'),
(1356, 'oui', 'PERTE', '2022-08-18', '5241/D', 'JJJJJ', 2, '201012028460'),
(175, 'oui', 'PERTE', '2022-08-14', '5241/D', 'FRRE', 1, '201012028460'),
(71, 'oui', 'PRIMA', '2018-08-07', '2568/B', NULL, 1, '201011028460'),
(27, 'oui', 'PRIMA', '2022-05-20', '84651/A', '22222', 1, '201011028460'),
(73, '1', 'USURE', '2022-05-20', '5651/A', 'SSSSSSSSSS', 1, '201011011028'),
(74, 'oui', 'PRIMA', '2022-05-20', '5241/D', 'DDDDDD', 1, '201012028460'),
(741, 'oui', 'PRIMA', '2018-08-07', '2568/B', NULL, 1, '201011028460'),
(247, 'oui', 'PRIMA', '2022-05-20', '84651/A', '22222', 1, '201011028460'),
(743, '1', 'USURE', '2022-05-20', '5651/A', 'SSSSSSSSSS', 1, '201011011028'),
(1460, 'oui', 'PRIMA', '2018-08-07', '2568/B', NULL, 1, '201011028460'),
(1461, 'oui', 'PRIMA', '2022-05-20', '84651/A', '22222', 1, '201011028460'),
(1462, '1', 'USURE', '2022-05-20', '5651/A', 'SSSSSSSSSS', 1, '201011011028'),
(1463, 'oui', 'PRIMA', '2022-05-20', '5241/D', 'DDDDDD', 1, '201012028460'),
(1464, 'oui', 'USURE', '2022-05-21', '72920/B', 'hsjsksks', 3, '20111'),
(1465, 'oui', 'PRIMA', '2022-05-21', '796/A', 'bbbbb', 3, '201011011011'),
(1466, 'oui', 'PERTE', '2022-05-21', '513/A', 'aucune', 3, '201011028460'),
(1467, 'oui', 'PERTE', '2022-05-20', '5241/D', 'ZZZZZ', 1, '201012028460'),
(1468, 'oui', 'PERTE', '2022-06-20', '5241/D', 'XXXXX', 1, '201012028460'),
(1469, 'oui', 'PERTE', '2022-06-20', '5241/D', 'BBBBBB', 1, '201012028460'),
(1470, 'oui', 'PERTE', '2022-06-10', '5241/D', 'KKKKK', 1, '201012028460'),
(1471, 'oui', 'PERTE', '2022-06-29', '5241/D', 'PPPPP', 2, '201012028460'),
(1472, 'oui', 'PERTE', '2022-06-18', '5241/D', 'JJJJJ', 2, '201012028460'),
(1473, 'oui', 'PERTE', '2022-09-14', '5241/D', 'FRRE', 1, '201012028460'),
(1474, 'oui', 'PRIMA', '2018-09-07', '2568/B', NULL, 1, '201011028460'),
(1475, 'oui', 'PRIMA', '2022-09-20', '84651/A', '22222', 1, '201011028460'),
(1476, '1', 'USURE', '2022-09-20', '5651/A', 'SSSSSSSSSS', 1, '201011011028'),
(1477, 'oui', 'PRIMA', '2022-09-20', '5241/D', 'DDDDDD', 1, '201012028460'),
(1478, 'oui', 'USURE', '2022-11-21', '72920/B', 'hsjsksks', 3, '20111'),
(1479, 'oui', 'PRIMA', '2022-11-21', '796/A', 'bbbbb', 3, '201011011011'),
(1480, 'oui', 'PERTE', '2022-11-21', '513/A', 'aucune', 3, '201011028460'),
(1481, 'oui', 'PERTE', '2022-06-20', '5241/D', 'ZZZZZ', 1, '201012028460'),
(1482, 'oui', 'PERTE', '2022-06-20', '5241/D', 'XXXXX', 1, '201012028460'),
(1483, 'oui', 'PERTE', '2022-06-20', '5241/D', 'BBBBBB', 1, '201012028460'),
(1484, 'oui', 'PERTE', '2022-01-10', '5241/D', 'KKKKK', 1, '201012028460'),
(1485, 'oui', 'PERTE', '2022-08-29', '5241/D', 'PPPPP', 2, '201012028460'),
(1486, 'oui', 'PERTE', '2022-01-18', '5241/D', 'JJJJJ', 2, '201012028460'),
(1487, 'oui', 'PERTE', '2022-08-14', '5241/D', 'FRRE', 1, '201012028460'),
(1488, 'oui', 'PRIMA', '2018-01-07', '2568/B', NULL, 1, '201011028460'),
(1489, 'oui', 'PRIMA', '2022-10-20', '84651/A', '22222', 1, '201011028460'),
(1490, '1', 'USURE', '2022-10-20', '5651/A', 'SSSSSSSSSS', 1, '201011011028'),
(1491, 'oui', 'PRIMA', '2022-10-20', '5241/D', 'DDDDDD', 1, '201012028460'),
(1492, 'oui', 'USURE', '2022-10-21', '72920/B', 'hsjsksks', 3, '20111'),
(1493, 'oui', 'PRIMA', '2022-10-21', '796/A', 'bbbbb', 3, '201011011011'),
(1494, 'oui', 'PERTE', '2022-10-21', '513/A', 'aucune', 3, '201011028460'),
(1495, 'oui', 'PERTE', '2022-01-20', '5241/D', 'ZZZZZ', 1, '201012028460'),
(1496, 'oui', 'PERTE', '2022-01-20', '5241/D', 'XXXXX', 1, '201012028460'),
(1497, 'oui', 'PERTE', '2022-02-20', '5241/D', 'BBBBBB', 1, '201012028460'),
(1498, 'oui', 'PERTE', '2022-02-10', '5241/D', 'KKKKK', 1, '201012028460'),
(1499, 'oui', 'PRIMA', '2018-08-07', '2568/B', NULL, 1, '201011028460'),
(1500, 'oui', 'PRIMA', '2022-05-20', '84651/A', '22222', 1, '201011028460'),
(1501, '1', 'USURE', '2022-05-20', '5651/A', 'SSSSSSSSSS', 1, '201011011028'),
(1502, 'oui', 'PRIMA', '2022-05-20', '5241/D', 'DDDDDD', 1, '201012028460'),
(1503, 'oui', 'USURE', '2022-05-21', '72920/B', 'hsjsksks', 3, '20111'),
(1504, 'oui', 'PRIMA', '2022-05-21', '796/A', 'bbbbb', 3, '201011011011'),
(1505, 'oui', 'PERTE', '2022-05-21', '513/A', 'aucune', 3, '201011028460'),
(1506, 'oui', 'PERTE', '2022-05-20', '5241/D', 'ZZZZZ', 1, '201012028460'),
(1507, 'oui', 'PERTE', '2022-06-20', '5241/D', 'XXXXX', 1, '201012028460'),
(1508, 'oui', 'PERTE', '2022-06-20', '5241/D', 'BBBBBB', 1, '201012028460'),
(1509, 'oui', 'PERTE', '2022-06-10', '5241/D', 'KKKKK', 1, '201012028460'),
(1510, 'oui', 'PERTE', '2022-06-29', '5241/D', 'PPPPP', 2, '201012028460'),
(1511, 'oui', 'PERTE', '2022-06-18', '5241/D', 'JJJJJ', 2, '201012028460'),
(1512, 'oui', 'PERTE', '2022-09-14', '5241/D', 'FRRE', 1, '201012028460'),
(1513, 'oui', 'PRIMA', '2018-09-07', '2568/B', NULL, 1, '201011028460'),
(1514, 'oui', 'PRIMA', '2022-09-20', '84651/A', '22222', 1, '201011028460'),
(1515, '1', 'USURE', '2022-09-20', '5651/A', 'SSSSSSSSSS', 1, '201011011028'),
(1516, 'oui', 'PRIMA', '2022-09-20', '5241/D', 'DDDDDD', 1, '201012028460'),
(1517, 'oui', 'USURE', '2022-11-21', '72920/B', 'hsjsksks', 3, '20111'),
(1518, 'oui', 'PRIMA', '2022-11-21', '796/A', 'bbbbb', 3, '201011011011'),
(1519, 'oui', 'PERTE', '2022-11-21', '513/A', 'aucune', 3, '201011028460'),
(1520, 'oui', 'PERTE', '2022-06-20', '5241/D', 'ZZZZZ', 1, '201012028460'),
(1521, 'oui', 'PERTE', '2022-06-20', '5241/D', 'XXXXX', 1, '201012028460'),
(1522, 'oui', 'PERTE', '2022-06-20', '5241/D', 'BBBBBB', 1, '201012028460'),
(1523, 'oui', 'PERTE', '2022-01-10', '5241/D', 'KKKKK', 1, '201012028460'),
(1524, 'oui', 'PERTE', '2022-08-29', '5241/D', 'PPPPP', 2, '201012028460'),
(1525, 'oui', 'PERTE', '2022-01-18', '5241/D', 'JJJJJ', 2, '201012028460'),
(1526, 'oui', 'PERTE', '2022-08-14', '5241/D', 'FRRE', 1, '201012028460'),
(1527, 'oui', 'PRIMA', '2018-01-07', '2568/B', NULL, 1, '201011028460'),
(1528, 'oui', 'PRIMA', '2022-10-20', '84651/A', '22222', 1, '201011028460'),
(1529, '1', 'USURE', '2022-10-20', '5651/A', 'SSSSSSSSSS', 1, '201011011028'),
(1530, 'oui', 'PRIMA', '2022-10-20', '5241/D', 'DDDDDD', 1, '201012028460'),
(1531, 'oui', 'USURE', '2022-10-21', '72920/B', 'hsjsksks', 3, '20111'),
(1532, 'oui', 'PRIMA', '2022-10-21', '796/A', 'bbbbb', 3, '201011011011'),
(1533, 'oui', 'PERTE', '2022-10-21', '513/A', 'aucune', 3, '201011028460'),
(1534, 'oui', 'PERTE', '2022-01-20', '5241/D', 'ZZZZZ', 1, '201012028460'),
(1535, 'oui', 'PERTE', '2022-01-20', '5241/D', 'XXXXX', 1, '201012028460'),
(1536, 'oui', 'PERTE', '2022-02-20', '5241/D', 'BBBBBB', 1, '201012028460'),
(1537, 'oui', 'PERTE', '2022-02-10', '5241/D', 'KKKKK', 1, '201012028460'),
(1538, 'oui', 'PERTE', '2022-02-21', '5241/D', 'PPPPP', 2, '201012028460'),
(1539, 'oui', 'PERTE', '2022-02-18', '5241/D', 'JJJJJ', 2, '201012028460'),
(1540, 'oui', 'PERTE', '2022-02-14', '5241/D', 'FRRE', 1, '201012028460'),
(1541, 'oui', 'PRIMA', '2018-02-07', '2568/B', NULL, 1, '201011028460'),
(1542, 'oui', 'PRIMA', '2022-11-20', '84651/A', '22222', 1, '201011028460'),
(1543, '1', 'USURE', '2022-11-20', '5651/A', 'SSSSSSSSSS', 1, '201011011028'),
(1544, 'oui', 'PRIMA', '2022-11-20', '5241/D', 'DDDDDD', 1, '201012028460'),
(1545, 'oui', 'USURE', '2022-11-21', '72920/B', 'hsjsksks', 3, '20111'),
(1546, 'oui', 'PRIMA', '2022-11-21', '796/A', 'bbbbb', 3, '201011011011'),
(1547, 'oui', 'PERTE', '2022-11-21', '513/A', 'aucune', 3, '201011028460'),
(1548, 'oui', 'PERTE', '2022-05-20', '5241/D', 'ZZZZZ', 1, '201012028460'),
(1549, 'oui', 'PERTE', '2022-03-20', '5241/D', 'XXXXX', 1, '201012028460'),
(1550, 'oui', 'PERTE', '2022-03-20', '5241/D', 'BBBBBB', 1, '201012028460'),
(1551, 'oui', 'PERTE', '2022-03-10', '5241/D', 'KKKKK', 1, '201012028460'),
(1552, 'oui', 'PERTE', '2022-05-29', '5241/D', 'PPPPP', 2, '201012028460'),
(1553, 'oui', 'PERTE', '2022-05-18', '5241/D', 'JJJJJ', 2, '201012028460'),
(1554, 'oui', 'PERTE', '2022-05-14', '5241/D', 'FRRE', 1, '201012028460'),
(1555, 'oui', 'PRIMA', '2018-08-07', '2568/B', NULL, 1, '201011028460'),
(1556, 'oui', 'PRIMA', '2022-05-20', '84651/A', '22222', 1, '201011028460'),
(1557, '1', 'USURE', '2022-05-20', '5651/A', 'SSSSSSSSSS', 1, '201011011028'),
(1558, 'oui', 'PRIMA', '2022-05-20', '5241/D', 'DDDDDD', 1, '201012028460'),
(1559, 'oui', 'USURE', '2022-05-21', '72920/B', 'hsjsksks', 3, '20111'),
(1560, 'oui', 'PRIMA', '2022-05-21', '796/A', 'bbbbb', 3, '201011011011'),
(1561, 'oui', 'PERTE', '2022-05-21', '513/A', 'aucune', 3, '201011028460'),
(1562, 'oui', 'PERTE', '2022-05-20', '5241/D', 'ZZZZZ', 1, '201012028460'),
(1563, 'oui', 'PERTE', '2022-06-20', '5241/D', 'XXXXX', 1, '201012028460'),
(1564, 'oui', 'PERTE', '2022-06-20', '5241/D', 'BBBBBB', 1, '201012028460'),
(1565, 'oui', 'PERTE', '2022-06-10', '5241/D', 'KKKKK', 1, '201012028460'),
(1566, 'oui', 'PERTE', '2022-06-29', '5241/D', 'PPPPP', 2, '201012028460'),
(1567, 'oui', 'PERTE', '2022-06-18', '5241/D', 'JJJJJ', 2, '201012028460'),
(1568, 'oui', 'PERTE', '2022-09-14', '5241/D', 'FRRE', 1, '201012028460'),
(1569, 'oui', 'PRIMA', '2018-09-07', '2568/B', NULL, 1, '201011028460'),
(1570, 'oui', 'PRIMA', '2022-09-20', '84651/A', '22222', 1, '201011028460'),
(1571, '1', 'USURE', '2022-09-20', '5651/A', 'SSSSSSSSSS', 1, '201011011028'),
(1572, 'oui', 'PRIMA', '2022-09-20', '5241/D', 'DDDDDD', 1, '201012028460'),
(1573, 'oui', 'USURE', '2022-11-21', '72920/B', 'hsjsksks', 3, '20111'),
(1574, 'oui', 'PRIMA', '2022-11-21', '796/A', 'bbbbb', 3, '201011011011'),
(1575, 'oui', 'PERTE', '2022-11-21', '513/A', 'aucune', 3, '201011028460'),
(1576, 'oui', 'PERTE', '2022-06-20', '5241/D', 'ZZZZZ', 1, '201012028460'),
(1577, 'oui', 'PERTE', '2022-06-20', '5241/D', 'XXXXX', 1, '201012028460'),
(1578, 'oui', 'PERTE', '2022-06-20', '5241/D', 'BBBBBB', 1, '201012028460'),
(1579, 'oui', 'PERTE', '2022-01-10', '5241/D', 'KKKKK', 1, '201012028460'),
(1580, 'oui', 'PERTE', '2022-08-29', '5241/D', 'PPPPP', 2, '201012028460'),
(1581, 'oui', 'PERTE', '2022-01-18', '5241/D', 'JJJJJ', 2, '201012028460'),
(1582, 'oui', 'PERTE', '2022-08-14', '5241/D', 'FRRE', 1, '201012028460'),
(1583, 'oui', 'PRIMA', '2018-01-07', '2568/B', NULL, 1, '201011028460'),
(1584, 'oui', 'PRIMA', '2022-10-20', '84651/A', '22222', 1, '201011028460'),
(1585, '1', 'USURE', '2022-10-20', '5651/A', 'SSSSSSSSSS', 1, '201011011028'),
(1586, 'oui', 'PRIMA', '2022-10-20', '5241/D', 'DDDDDD', 1, '201012028460'),
(1587, 'oui', 'USURE', '2022-10-21', '72920/B', 'hsjsksks', 3, '20111'),
(1588, 'oui', 'PRIMA', '2022-10-21', '796/A', 'bbbbb', 3, '201011011011'),
(1589, 'oui', 'PERTE', '2022-10-21', '513/A', 'aucune', 3, '201011028460'),
(1590, 'oui', 'PERTE', '2022-01-20', '5241/D', 'ZZZZZ', 1, '201012028460'),
(1591, 'oui', 'PERTE', '2022-01-20', '5241/D', 'XXXXX', 1, '201012028460'),
(1592, 'oui', 'PERTE', '2022-02-20', '5241/D', 'BBBBBB', 1, '201012028460'),
(1593, 'oui', 'PERTE', '2022-02-10', '5241/D', 'KKKKK', 1, '201012028460'),
(1594, 'oui', 'PERTE', '2022-02-21', '5241/D', 'PPPPP', 2, '201012028460'),
(1595, 'oui', 'PERTE', '2022-02-18', '5241/D', 'JJJJJ', 2, '201012028460'),
(1596, 'oui', 'PERTE', '2022-02-14', '5241/D', 'FRRE', 1, '201012028460'),
(1597, 'oui', 'PRIMA', '2018-02-07', '2568/B', NULL, 1, '201011028460'),
(1598, 'oui', 'PRIMA', '2022-11-20', '84651/A', '22222', 1, '201011028460'),
(1599, '1', 'USURE', '2022-11-20', '5651/A', 'SSSSSSSSSS', 1, '201011011028'),
(1600, 'oui', 'PRIMA', '2022-11-20', '5241/D', 'DDDDDD', 1, '201012028460'),
(1601, 'oui', 'USURE', '2022-11-21', '72920/B', 'hsjsksks', 3, '20111'),
(1602, 'oui', 'PRIMA', '2022-11-21', '796/A', 'bbbbb', 3, '201011011011'),
(1603, 'oui', 'PERTE', '2022-11-21', '513/A', 'aucune', 3, '201011028460'),
(1604, 'oui', 'PERTE', '2022-05-20', '5241/D', 'ZZZZZ', 1, '201012028460'),
(1605, 'oui', 'PERTE', '2022-03-20', '5241/D', 'XXXXX', 1, '201012028460'),
(1606, 'oui', 'PERTE', '2022-03-20', '5241/D', 'BBBBBB', 1, '201012028460'),
(1607, 'oui', 'PERTE', '2022-03-10', '5241/D', 'KKKKK', 1, '201012028460'),
(1608, 'oui', 'PERTE', '2022-05-29', '5241/D', 'PPPPP', 2, '201012028460'),
(1609, 'oui', 'PERTE', '2022-05-18', '5241/D', 'JJJJJ', 2, '201012028460'),
(1610, 'oui', 'PERTE', '2022-05-14', '5241/D', 'FRRE', 1, '201012028460'),
(1611, 'oui', 'PRIMA', '2018-08-07', '2568/B', NULL, 1, '201011028460'),
(1612, 'oui', 'PRIMA', '2022-05-20', '84651/A', '22222', 1, '201011028460'),
(1613, '1', 'USURE', '2022-05-20', '5651/A', 'SSSSSSSSSS', 1, '201011011028'),
(1614, 'oui', 'PRIMA', '2022-05-20', '5241/D', 'DDDDDD', 1, '201012028460'),
(1615, 'oui', 'USURE', '2022-05-21', '72920/B', 'hsjsksks', 3, '20111'),
(1616, 'oui', 'PRIMA', '2022-05-21', '796/A', 'bbbbb', 3, '201011011011'),
(1617, 'oui', 'PERTE', '2022-05-21', '513/A', 'aucune', 3, '201011028460'),
(1618, 'oui', 'PERTE', '2022-05-20', '5241/D', 'ZZZZZ', 1, '201012028460'),
(1619, 'oui', 'PERTE', '2022-06-20', '5241/D', 'XXXXX', 1, '201012028460'),
(1620, 'oui', 'PERTE', '2022-06-20', '5241/D', 'BBBBBB', 1, '201012028460'),
(1621, 'oui', 'PERTE', '2022-06-10', '5241/D', 'KKKKK', 1, '201012028460'),
(1622, 'oui', 'PERTE', '2022-06-29', '5241/D', 'PPPPP', 2, '201012028460'),
(1623, 'oui', 'PERTE', '2022-06-18', '5241/D', 'JJJJJ', 2, '201012028460'),
(1624, 'oui', 'PERTE', '2022-09-14', '5241/D', 'FRRE', 1, '201012028460'),
(1625, 'oui', 'PRIMA', '2018-09-07', '2568/B', NULL, 1, '201011028460'),
(1626, 'oui', 'PRIMA', '2022-09-20', '84651/A', '22222', 1, '201011028460'),
(1627, '1', 'USURE', '2022-09-20', '5651/A', 'SSSSSSSSSS', 1, '201011011028'),
(1628, 'oui', 'PRIMA', '2022-09-20', '5241/D', 'DDDDDD', 1, '201012028460'),
(1629, 'oui', 'USURE', '2022-11-21', '72920/B', 'hsjsksks', 3, '20111'),
(1630, 'oui', 'PRIMA', '2022-11-21', '796/A', 'bbbbb', 3, '201011011011'),
(1631, 'oui', 'PERTE', '2022-11-21', '513/A', 'aucune', 3, '201011028460'),
(1632, 'oui', 'PERTE', '2022-06-20', '5241/D', 'ZZZZZ', 1, '201012028460'),
(1633, 'oui', 'PERTE', '2022-06-20', '5241/D', 'XXXXX', 1, '201012028460'),
(1634, 'oui', 'PERTE', '2022-06-20', '5241/D', 'BBBBBB', 1, '201012028460'),
(1635, 'oui', 'PERTE', '2022-01-10', '5241/D', 'KKKKK', 1, '201012028460'),
(1636, 'oui', 'PERTE', '2022-08-29', '5241/D', 'PPPPP', 2, '201012028460'),
(1637, 'oui', 'PERTE', '2022-01-18', '5241/D', 'JJJJJ', 2, '201012028460'),
(1638, 'oui', 'PERTE', '2022-08-14', '5241/D', 'FRRE', 1, '201012028460'),
(1639, 'oui', 'PRIMA', '2018-01-07', '2568/B', NULL, 1, '201011028460'),
(1640, 'oui', 'PRIMA', '2022-10-20', '84651/A', '22222', 1, '201011028460'),
(1641, '1', 'USURE', '2022-10-20', '5651/A', 'SSSSSSSSSS', 1, '201011011028'),
(1642, 'oui', 'PRIMA', '2022-10-20', '5241/D', 'DDDDDD', 1, '201012028460'),
(1643, 'oui', 'USURE', '2022-10-21', '72920/B', 'hsjsksks', 3, '20111'),
(1644, 'oui', 'PRIMA', '2022-10-21', '796/A', 'bbbbb', 3, '201011011011'),
(1645, 'oui', 'PERTE', '2022-10-21', '513/A', 'aucune', 3, '201011028460'),
(1646, 'oui', 'PERTE', '2022-01-20', '5241/D', 'ZZZZZ', 1, '201012028460'),
(1647, 'oui', 'PERTE', '2022-01-20', '5241/D', 'XXXXX', 1, '201012028460'),
(1648, 'oui', 'PERTE', '2022-02-20', '5241/D', 'BBBBBB', 1, '201012028460'),
(1649, 'oui', 'PERTE', '2022-02-10', '5241/D', 'KKKKK', 1, '201012028460'),
(1650, 'oui', 'PERTE', '2022-02-21', '5241/D', 'PPPPP', 2, '201012028460'),
(1651, 'oui', 'PERTE', '2022-02-18', '5241/D', 'JJJJJ', 2, '201012028460'),
(1652, 'oui', 'PERTE', '2022-02-14', '5241/D', 'FRRE', 1, '201012028460'),
(1653, 'oui', 'PRIMA', '2018-02-07', '2568/B', NULL, 1, '201011028460'),
(1654, 'oui', 'PRIMA', '2022-11-20', '84651/A', '22222', 1, '201011028460'),
(1655, '1', 'USURE', '2022-11-20', '5651/A', 'SSSSSSSSSS', 1, '201011011028'),
(1656, 'oui', 'PRIMA', '2022-11-20', '5241/D', 'DDDDDD', 1, '201012028460'),
(1657, 'oui', 'USURE', '2022-11-21', '72920/B', 'hsjsksks', 3, '20111'),
(1658, 'oui', 'PRIMA', '2022-11-21', '796/A', 'bbbbb', 3, '201011011011'),
(1659, 'oui', 'PERTE', '2022-11-21', '513/A', 'aucune', 3, '201011028460'),
(1660, 'oui', 'PERTE', '2022-05-20', '5241/D', 'ZZZZZ', 1, '201012028460'),
(1661, 'oui', 'PERTE', '2022-03-20', '5241/D', 'XXXXX', 1, '201012028460'),
(1662, 'oui', 'PERTE', '2022-03-20', '5241/D', 'BBBBBB', 1, '201012028460'),
(1663, 'oui', 'PERTE', '2022-03-10', '5241/D', 'KKKKK', 1, '201012028460'),
(1664, 'oui', 'PERTE', '2022-05-29', '5241/D', 'PPPPP', 2, '201012028460'),
(1665, 'oui', 'PERTE', '2022-05-18', '5241/D', 'JJJJJ', 2, '201012028460'),
(1666, 'oui', 'PERTE', '2022-05-14', '5241/D', 'FRRE', 1, '201012028460'),
(1667, 'oui', 'PRIMA', '2018-08-07', '2568/B', NULL, 1, '201011028460'),
(1668, 'oui', 'PRIMA', '2022-05-20', '84651/A', '22222', 1, '201011028460'),
(1669, '1', 'USURE', '2022-05-20', '5651/A', 'SSSSSSSSSS', 1, '201011011028'),
(1670, 'oui', 'PRIMA', '2022-05-20', '5241/D', 'DDDDDD', 1, '201012028460'),
(1671, 'oui', 'USURE', '2022-05-21', '72920/B', 'hsjsksks', 3, '20111'),
(1672, 'oui', 'PRIMA', '2022-05-21', '796/A', 'bbbbb', 3, '201011011011'),
(1673, 'oui', 'PERTE', '2022-05-21', '513/A', 'aucune', 3, '201011028460'),
(1674, 'oui', 'PERTE', '2022-05-20', '5241/D', 'ZZZZZ', 1, '201012028460'),
(1675, 'oui', 'PERTE', '2022-06-20', '5241/D', 'XXXXX', 1, '201012028460'),
(1676, 'oui', 'PERTE', '2022-06-20', '5241/D', 'BBBBBB', 1, '201012028460'),
(1677, 'oui', 'PERTE', '2022-06-10', '5241/D', 'KKKKK', 1, '201012028460'),
(1678, 'oui', 'PERTE', '2022-06-29', '5241/D', 'PPPPP', 2, '201012028460'),
(1679, 'oui', 'PERTE', '2022-06-18', '5241/D', 'JJJJJ', 2, '201012028460'),
(1680, 'oui', 'PERTE', '2022-09-14', '5241/D', 'FRRE', 1, '201012028460'),
(1681, 'oui', 'PRIMA', '2018-09-07', '2568/B', NULL, 1, '201011028460'),
(1682, 'oui', 'PRIMA', '2022-09-20', '84651/A', '22222', 1, '201011028460'),
(1683, '1', 'USURE', '2022-09-20', '5651/A', 'SSSSSSSSSS', 1, '201011011028'),
(1684, 'oui', 'PRIMA', '2022-09-20', '5241/D', 'DDDDDD', 1, '201012028460'),
(1685, 'oui', 'USURE', '2022-11-21', '72920/B', 'hsjsksks', 3, '20111'),
(1686, 'oui', 'PRIMA', '2022-11-21', '796/A', 'bbbbb', 3, '201011011011'),
(1687, 'oui', 'PERTE', '2022-11-21', '513/A', 'aucune', 3, '201011028460'),
(1688, 'oui', 'PERTE', '2022-06-20', '5241/D', 'ZZZZZ', 1, '201012028460'),
(1689, 'oui', 'PERTE', '2022-06-20', '5241/D', 'XXXXX', 1, '201012028460'),
(1690, 'oui', 'PERTE', '2022-06-20', '5241/D', 'BBBBBB', 1, '201012028460'),
(1691, 'oui', 'PERTE', '2022-01-10', '5241/D', 'KKKKK', 1, '201012028460'),
(1692, 'oui', 'PERTE', '2022-08-29', '5241/D', 'PPPPP', 2, '201012028460'),
(1693, 'oui', 'PERTE', '2022-01-18', '5241/D', 'JJJJJ', 2, '201012028460'),
(1694, 'oui', 'PERTE', '2022-08-14', '5241/D', 'FRRE', 1, '201012028460'),
(1695, 'oui', 'PRIMA', '2018-01-07', '2568/B', NULL, 1, '201011028460'),
(1696, 'oui', 'PRIMA', '2022-10-20', '84651/A', '22222', 1, '201011028460'),
(1697, '1', 'USURE', '2022-10-20', '5651/A', 'SSSSSSSSSS', 1, '201011011028'),
(1698, 'oui', 'PRIMA', '2022-10-20', '5241/D', 'DDDDDD', 1, '201012028460'),
(1699, 'oui', 'USURE', '2022-10-21', '72920/B', 'hsjsksks', 3, '20111'),
(1700, 'oui', 'PRIMA', '2022-10-21', '796/A', 'bbbbb', 3, '201011011011'),
(1701, 'oui', 'PERTE', '2022-10-21', '513/A', 'aucune', 3, '201011028460'),
(1702, 'oui', 'PERTE', '2022-01-20', '5241/D', 'ZZZZZ', 1, '201012028460'),
(1703, 'oui', 'PERTE', '2022-01-20', '5241/D', 'XXXXX', 1, '201012028460'),
(1704, 'oui', 'PERTE', '2022-02-20', '5241/D', 'BBBBBB', 1, '201012028460'),
(1705, 'oui', 'PERTE', '2022-02-10', '5241/D', 'KKKKK', 1, '201012028460'),
(1706, 'oui', 'PERTE', '2022-02-21', '5241/D', 'PPPPP', 2, '201012028460'),
(1707, 'oui', 'PERTE', '2022-02-18', '5241/D', 'JJJJJ', 2, '201012028460'),
(1708, 'oui', 'PERTE', '2022-02-14', '5241/D', 'FRRE', 1, '201012028460'),
(1709, 'oui', 'PRIMA', '2018-02-07', '2568/B', NULL, 1, '201011028460'),
(1710, 'oui', 'PRIMA', '2022-11-20', '84651/A', '22222', 1, '201011028460'),
(1711, '1', 'USURE', '2022-11-20', '5651/A', 'SSSSSSSSSS', 1, '201011011028'),
(1712, 'oui', 'PRIMA', '2022-11-20', '5241/D', 'DDDDDD', 1, '201012028460'),
(1713, 'oui', 'USURE', '2022-11-21', '72920/B', 'hsjsksks', 3, '20111'),
(1714, 'oui', 'PRIMA', '2022-11-21', '796/A', 'bbbbb', 3, '201011011011'),
(1715, 'oui', 'PERTE', '2022-11-21', '513/A', 'aucune', 3, '201011028460'),
(1716, 'oui', 'PERTE', '2022-05-20', '5241/D', 'ZZZZZ', 1, '201012028460'),
(1717, 'oui', 'PERTE', '2022-03-20', '5241/D', 'XXXXX', 1, '201012028460'),
(1718, 'oui', 'PERTE', '2022-03-20', '5241/D', 'BBBBBB', 1, '201012028460'),
(1719, 'oui', 'PERTE', '2022-03-10', '5241/D', 'KKKKK', 1, '201012028460'),
(1720, 'oui', 'PERTE', '2022-05-29', '5241/D', 'PPPPP', 2, '201012028460'),
(1721, 'oui', 'PERTE', '2022-05-18', '5241/D', 'JJJJJ', 2, '201012028460'),
(1722, 'oui', 'PERTE', '2022-05-14', '5241/D', 'FRRE', 1, '201012028460'),
(1723, 'oui', 'PRIMA', '2018-08-07', '2568/B', NULL, 1, '201011028460'),
(1724, 'oui', 'PRIMA', '2022-05-20', '84651/A', '22222', 1, '201011028460'),
(1725, '1', 'USURE', '2022-05-20', '5651/A', 'SSSSSSSSSS', 1, '201011011028'),
(1726, 'oui', 'PRIMA', '2022-05-20', '5241/D', 'DDDDDD', 1, '201012028460'),
(1727, 'oui', 'USURE', '2022-05-21', '72920/B', 'hsjsksks', 3, '20111'),
(1728, 'oui', 'PRIMA', '2022-05-21', '796/A', 'bbbbb', 3, '201011011011'),
(1729, 'oui', 'PERTE', '2022-05-21', '513/A', 'aucune', 3, '201011028460'),
(1730, 'oui', 'PERTE', '2022-05-20', '5241/D', 'ZZZZZ', 1, '201012028460'),
(1731, 'oui', 'PERTE', '2022-06-20', '5241/D', 'XXXXX', 1, '201012028460'),
(1732, 'oui', 'PERTE', '2022-06-20', '5241/D', 'BBBBBB', 1, '201012028460'),
(1733, 'oui', 'PERTE', '2022-06-10', '5241/D', 'KKKKK', 1, '201012028460'),
(1734, 'oui', 'PERTE', '2022-06-29', '5241/D', 'PPPPP', 2, '201012028460'),
(1735, 'oui', 'PERTE', '2022-06-18', '5241/D', 'JJJJJ', 2, '201012028460'),
(1736, 'oui', 'PERTE', '2022-09-14', '5241/D', 'FRRE', 1, '201012028460'),
(1737, 'oui', 'PRIMA', '2018-09-07', '2568/B', NULL, 1, '201011028460'),
(1738, 'oui', 'PRIMA', '2022-09-20', '84651/A', '22222', 1, '201011028460'),
(1739, '1', 'USURE', '2022-09-20', '5651/A', 'SSSSSSSSSS', 1, '201011011028'),
(1740, 'oui', 'PRIMA', '2022-09-20', '5241/D', 'DDDDDD', 1, '201012028460'),
(1741, 'oui', 'USURE', '2022-11-21', '72920/B', 'hsjsksks', 3, '20111'),
(1742, 'oui', 'PRIMA', '2022-11-21', '796/A', 'bbbbb', 3, '201011011011'),
(1743, 'oui', 'PERTE', '2022-11-21', '513/A', 'aucune', 3, '201011028460'),
(1744, 'oui', 'PERTE', '2022-06-20', '5241/D', 'ZZZZZ', 1, '201012028460'),
(1745, 'oui', 'PERTE', '2022-06-20', '5241/D', 'XXXXX', 1, '201012028460'),
(1746, 'oui', 'PERTE', '2022-06-20', '5241/D', 'BBBBBB', 1, '201012028460'),
(1747, 'oui', 'PERTE', '2022-01-10', '5241/D', 'KKKKK', 1, '201012028460'),
(1748, 'oui', 'PERTE', '2022-08-29', '5241/D', 'PPPPP', 2, '201012028460'),
(1749, 'oui', 'PERTE', '2022-01-18', '5241/D', 'JJJJJ', 2, '201012028460'),
(1750, 'oui', 'PERTE', '2022-08-14', '5241/D', 'FRRE', 1, '201012028460'),
(1751, 'oui', 'PRIMA', '2018-01-07', '2568/B', NULL, 1, '201011028460'),
(1752, 'oui', 'PRIMA', '2022-10-20', '84651/A', '22222', 1, '201011028460'),
(1753, '1', 'USURE', '2022-10-20', '5651/A', 'SSSSSSSSSS', 1, '201011011028'),
(1754, 'oui', 'PRIMA', '2022-10-20', '5241/D', 'DDDDDD', 1, '201012028460'),
(1755, 'oui', 'USURE', '2022-10-21', '72920/B', 'hsjsksks', 3, '20111'),
(1756, 'oui', 'PRIMA', '2022-10-21', '796/A', 'bbbbb', 3, '201011011011'),
(1757, 'oui', 'PERTE', '2022-10-21', '513/A', 'aucune', 3, '201011028460'),
(1758, 'oui', 'PERTE', '2022-01-20', '5241/D', 'ZZZZZ', 1, '201012028460'),
(1759, 'oui', 'PERTE', '2022-01-20', '5241/D', 'XXXXX', 1, '201012028460'),
(1760, 'oui', 'PERTE', '2022-02-20', '5241/D', 'BBBBBB', 1, '201012028460'),
(1761, 'oui', 'PERTE', '2022-02-10', '5241/D', 'KKKKK', 1, '201012028460'),
(1762, 'oui', 'PERTE', '2022-02-21', '5241/D', 'PPPPP', 2, '201012028460'),
(1763, 'oui', 'PERTE', '2022-02-18', '5241/D', 'JJJJJ', 2, '201012028460'),
(1764, 'oui', 'PERTE', '2022-02-14', '5241/D', 'FRRE', 1, '201012028460'),
(1765, 'oui', 'PRIMA', '2018-02-07', '2568/B', NULL, 1, '201011028460'),
(1766, 'oui', 'PRIMA', '2022-11-20', '84651/A', '22222', 1, '201011028460'),
(1767, '1', 'USURE', '2022-11-20', '5651/A', 'SSSSSSSSSS', 1, '201011011028'),
(1768, 'oui', 'PRIMA', '2022-11-20', '5241/D', 'DDDDDD', 1, '201012028460'),
(1769, 'oui', 'USURE', '2022-11-21', '72920/B', 'hsjsksks', 3, '20111'),
(1770, 'oui', 'PRIMA', '2022-11-21', '796/A', 'bbbbb', 3, '201011011011'),
(1771, 'oui', 'PERTE', '2022-11-21', '513/A', 'aucune', 3, '201011028460'),
(1772, 'oui', 'PERTE', '2022-05-20', '5241/D', 'ZZZZZ', 1, '201012028460'),
(1773, 'oui', 'PERTE', '2022-03-20', '5241/D', 'XXXXX', 1, '201012028460'),
(1774, 'oui', 'PERTE', '2022-03-20', '5241/D', 'BBBBBB', 1, '201012028460'),
(1775, 'oui', 'PERTE', '2022-03-10', '5241/D', 'KKKKK', 1, '201012028460'),
(1776, 'oui', 'PERTE', '2022-05-29', '5241/D', 'PPPPP', 2, '201012028460'),
(1777, 'oui', 'PERTE', '2022-05-18', '5241/D', 'JJJJJ', 2, '201012028460'),
(1778, 'oui', 'PERTE', '2022-05-14', '5241/D', 'FRRE', 1, '201012028460'),
(1779, 'oui', 'PRIMA', '2018-08-07', '2568/B', NULL, 1, '201011028460'),
(1780, 'oui', 'PRIMA', '2022-05-20', '84651/A', '22222', 1, '201011028460'),
(1781, '1', 'USURE', '2022-05-20', '5651/A', 'SSSSSSSSSS', 1, '201011011028'),
(1782, 'oui', 'PRIMA', '2022-05-20', '5241/D', 'DDDDDD', 1, '201012028460'),
(1783, 'oui', 'USURE', '2022-05-21', '72920/B', 'hsjsksks', 3, '20111'),
(1784, 'oui', 'PRIMA', '2022-05-21', '796/A', 'bbbbb', 3, '201011011011'),
(1785, 'oui', 'PERTE', '2022-05-21', '513/A', 'aucune', 3, '201011028460'),
(1786, 'oui', 'PERTE', '2022-05-20', '5241/D', 'ZZZZZ', 1, '201012028460'),
(1787, 'oui', 'PERTE', '2022-06-20', '5241/D', 'XXXXX', 1, '201012028460'),
(1788, 'oui', 'PERTE', '2022-06-20', '5241/D', 'BBBBBB', 1, '201012028460'),
(1789, 'oui', 'PERTE', '2022-06-10', '5241/D', 'KKKKK', 1, '201012028460'),
(1790, 'oui', 'PERTE', '2022-06-29', '5241/D', 'PPPPP', 2, '201012028460'),
(1791, 'oui', 'PERTE', '2022-06-18', '5241/D', 'JJJJJ', 2, '201012028460'),
(1792, 'oui', 'PERTE', '2022-09-14', '5241/D', 'FRRE', 1, '201012028460'),
(1793, 'oui', 'PRIMA', '2018-09-07', '2568/B', NULL, 1, '201011028460'),
(1794, 'oui', 'PRIMA', '2022-09-20', '84651/A', '22222', 1, '201011028460'),
(1795, '1', 'USURE', '2022-09-20', '5651/A', 'SSSSSSSSSS', 1, '201011011028'),
(1796, 'oui', 'PRIMA', '2022-09-20', '5241/D', 'DDDDDD', 1, '201012028460'),
(1797, 'oui', 'USURE', '2022-11-21', '72920/B', 'hsjsksks', 3, '20111'),
(1798, 'oui', 'PRIMA', '2022-11-21', '796/A', 'bbbbb', 3, '201011011011'),
(1799, 'oui', 'PERTE', '2022-11-21', '513/A', 'aucune', 3, '201011028460'),
(1800, 'oui', 'PERTE', '2022-06-20', '5241/D', 'ZZZZZ', 1, '201012028460'),
(1801, 'oui', 'PERTE', '2022-06-20', '5241/D', 'XXXXX', 1, '201012028460'),
(1802, 'oui', 'PERTE', '2022-06-20', '5241/D', 'BBBBBB', 1, '201012028460'),
(1803, 'oui', 'PERTE', '2022-01-10', '5241/D', 'KKKKK', 1, '201012028460'),
(1804, 'oui', 'PERTE', '2022-08-29', '5241/D', 'PPPPP', 2, '201012028460'),
(1805, 'oui', 'PERTE', '2022-01-18', '5241/D', 'JJJJJ', 2, '201012028460'),
(1806, 'oui', 'PERTE', '2022-08-14', '5241/D', 'FRRE', 1, '201012028460'),
(1807, 'oui', 'PRIMA', '2018-01-07', '2568/B', NULL, 1, '201011028460'),
(1808, 'oui', 'PRIMA', '2022-10-20', '84651/A', '22222', 1, '201011028460'),
(1809, '1', 'USURE', '2022-10-20', '5651/A', 'SSSSSSSSSS', 1, '201011011028'),
(1810, 'oui', 'PRIMA', '2022-10-20', '5241/D', 'DDDDDD', 1, '201012028460'),
(1811, 'oui', 'USURE', '2022-10-21', '72920/B', 'hsjsksks', 3, '20111'),
(1812, 'oui', 'PRIMA', '2022-10-21', '796/A', 'bbbbb', 3, '201011011011'),
(1813, 'oui', 'PERTE', '2022-10-21', '513/A', 'aucune', 3, '201011028460'),
(1814, 'oui', 'PERTE', '2022-01-20', '5241/D', 'ZZZZZ', 1, '201012028460'),
(1815, 'oui', 'PERTE', '2022-01-20', '5241/D', 'XXXXX', 1, '201012028460'),
(1816, 'oui', 'PERTE', '2022-02-20', '5241/D', 'BBBBBB', 1, '201012028460'),
(1817, 'oui', 'PERTE', '2022-02-10', '5241/D', 'KKKKK', 1, '201012028460'),
(1818, 'oui', 'PERTE', '2022-02-21', '5241/D', 'PPPPP', 2, '201012028460'),
(1819, 'oui', 'PERTE', '2022-02-18', '5241/D', 'JJJJJ', 2, '201012028460'),
(1820, 'oui', 'PERTE', '2022-02-14', '5241/D', 'FRRE', 1, '201012028460'),
(1821, 'oui', 'PRIMA', '2018-02-07', '2568/B', NULL, 1, '201011028460'),
(1822, 'oui', 'PRIMA', '2022-11-20', '84651/A', '22222', 1, '201011028460'),
(1823, '1', 'USURE', '2022-11-20', '5651/A', 'SSSSSSSSSS', 1, '201011011028'),
(1824, 'oui', 'PRIMA', '2022-11-20', '5241/D', 'DDDDDD', 1, '201012028460'),
(1825, 'oui', 'USURE', '2022-11-21', '72920/B', 'hsjsksks', 3, '20111'),
(1826, 'oui', 'PRIMA', '2022-11-21', '796/A', 'bbbbb', 3, '201011011011'),
(1827, 'oui', 'PERTE', '2022-11-21', '513/A', 'aucune', 3, '201011028460'),
(1828, 'oui', 'PERTE', '2022-05-20', '5241/D', 'ZZZZZ', 1, '201012028460'),
(1829, 'oui', 'PERTE', '2022-03-20', '5241/D', 'XXXXX', 1, '201012028460'),
(1830, 'oui', 'PERTE', '2022-03-20', '5241/D', 'BBBBBB', 1, '201012028460'),
(1831, 'oui', 'PERTE', '2022-03-10', '5241/D', 'KKKKK', 1, '201012028460'),
(1832, 'oui', 'PERTE', '2022-05-29', '5241/D', 'PPPPP', 2, '201012028460'),
(1833, 'oui', 'PERTE', '2022-05-18', '5241/D', 'JJJJJ', 2, '201012028460'),
(1834, 'oui', 'PERTE', '2022-05-14', '5241/D', 'FRRE', 1, '201012028460'),
(1835, 'oui', 'PRIMA', '2018-08-07', '2568/B', NULL, 1, '201011028460'),
(1836, 'oui', 'PRIMA', '2022-05-20', '84651/A', '22222', 1, '201011028460'),
(1837, '1', 'USURE', '2022-05-20', '5651/A', 'SSSSSSSSSS', 1, '201011011028'),
(1838, 'oui', 'PRIMA', '2022-05-20', '5241/D', 'DDDDDD', 1, '201012028460'),
(1839, 'oui', 'USURE', '2022-05-21', '72920/B', 'hsjsksks', 3, '20111'),
(1840, 'oui', 'PRIMA', '2022-05-21', '796/A', 'bbbbb', 3, '201011011011'),
(1841, 'oui', 'PERTE', '2022-05-21', '513/A', 'aucune', 3, '201011028460'),
(1842, 'oui', 'PERTE', '2022-05-20', '5241/D', 'ZZZZZ', 1, '201012028460'),
(1843, 'oui', 'PERTE', '2022-06-20', '5241/D', 'XXXXX', 1, '201012028460'),
(1844, 'oui', 'PERTE', '2022-06-20', '5241/D', 'BBBBBB', 1, '201012028460'),
(1845, 'oui', 'PERTE', '2022-06-10', '5241/D', 'KKKKK', 1, '201012028460'),
(1846, 'oui', 'PERTE', '2022-06-29', '5241/D', 'PPPPP', 2, '201012028460'),
(1847, 'oui', 'PERTE', '2022-06-18', '5241/D', 'JJJJJ', 2, '201012028460'),
(1848, 'oui', 'PERTE', '2022-09-14', '5241/D', 'FRRE', 1, '201012028460'),
(1849, 'oui', 'PRIMA', '2018-09-07', '2568/B', NULL, 1, '201011028460'),
(1850, 'oui', 'PRIMA', '2022-09-20', '84651/A', '22222', 1, '201011028460'),
(1851, '1', 'USURE', '2022-09-20', '5651/A', 'SSSSSSSSSS', 1, '201011011028'),
(1852, 'oui', 'PRIMA', '2022-09-20', '5241/D', 'DDDDDD', 1, '201012028460'),
(1853, 'oui', 'USURE', '2022-11-21', '72920/B', 'hsjsksks', 3, '20111'),
(1854, 'oui', 'PRIMA', '2022-11-21', '796/A', 'bbbbb', 3, '201011011011'),
(1855, 'oui', 'PERTE', '2022-11-21', '513/A', 'aucune', 3, '201011028460'),
(1856, 'oui', 'PERTE', '2022-06-20', '5241/D', 'ZZZZZ', 1, '201012028460'),
(1857, 'oui', 'PERTE', '2022-06-20', '5241/D', 'XXXXX', 1, '201012028460'),
(1858, 'oui', 'PERTE', '2022-06-20', '5241/D', 'BBBBBB', 1, '201012028460'),
(1859, 'oui', 'PERTE', '2022-01-10', '5241/D', 'KKKKK', 1, '201012028460'),
(1860, 'oui', 'PERTE', '2022-08-29', '5241/D', 'PPPPP', 2, '201012028460'),
(1861, 'oui', 'PERTE', '2022-01-18', '5241/D', 'JJJJJ', 2, '201012028460'),
(1862, 'oui', 'PERTE', '2022-08-14', '5241/D', 'FRRE', 1, '201012028460'),
(1863, 'oui', 'PRIMA', '2018-01-07', '2568/B', NULL, 1, '201011028460'),
(1864, 'oui', 'PRIMA', '2022-10-20', '84651/A', '22222', 1, '201011028460'),
(1865, '1', 'USURE', '2022-10-20', '5651/A', 'SSSSSSSSSS', 1, '201011011028'),
(1866, 'oui', 'PRIMA', '2022-10-20', '5241/D', 'DDDDDD', 1, '201012028460'),
(1867, 'oui', 'USURE', '2022-10-21', '72920/B', 'hsjsksks', 3, '20111'),
(1868, 'oui', 'PRIMA', '2022-10-21', '796/A', 'bbbbb', 3, '201011011011'),
(1869, 'oui', 'PERTE', '2022-10-21', '513/A', 'aucune', 3, '201011028460'),
(1870, 'oui', 'PERTE', '2022-01-20', '5241/D', 'ZZZZZ', 1, '201012028460'),
(1871, 'oui', 'PERTE', '2022-01-20', '5241/D', 'XXXXX', 1, '201012028460'),
(1872, 'oui', 'PERTE', '2022-02-20', '5241/D', 'BBBBBB', 1, '201012028460'),
(1873, 'oui', 'PERTE', '2022-02-10', '5241/D', 'KKKKK', 1, '201012028460'),
(1874, 'oui', 'PERTE', '2022-02-21', '5241/D', 'PPPPP', 2, '201012028460'),
(1875, 'oui', 'PERTE', '2022-02-18', '5241/D', 'JJJJJ', 2, '201012028460'),
(1876, 'oui', 'PERTE', '2022-02-14', '5241/D', 'FRRE', 1, '201012028460'),
(1877, 'oui', 'PRIMA', '2018-02-07', '2568/B', NULL, 1, '201011028460'),
(1878, 'oui', 'PRIMA', '2022-11-20', '84651/A', '22222', 1, '201011028460'),
(1879, '1', 'USURE', '2022-11-20', '5651/A', 'SSSSSSSSSS', 1, '201011011028'),
(1880, 'oui', 'PRIMA', '2022-11-20', '5241/D', 'DDDDDD', 1, '201012028460'),
(1881, 'oui', 'USURE', '2022-11-21', '72920/B', 'hsjsksks', 3, '20111'),
(1882, 'oui', 'PRIMA', '2022-11-21', '796/A', 'bbbbb', 3, '201011011011'),
(1883, 'oui', 'PERTE', '2022-11-21', '513/A', 'aucune', 3, '201011028460'),
(1884, 'oui', 'PERTE', '2022-05-20', '5241/D', 'ZZZZZ', 1, '201012028460'),
(1885, 'oui', 'PERTE', '2022-03-20', '5241/D', 'XXXXX', 1, '201012028460'),
(1886, 'oui', 'PERTE', '2022-03-20', '5241/D', 'BBBBBB', 1, '201012028460'),
(1887, 'oui', 'PERTE', '2022-03-10', '5241/D', 'KKKKK', 1, '201012028460'),
(1888, 'oui', 'PERTE', '2022-05-29', '5241/D', 'PPPPP', 2, '201012028460'),
(1889, 'oui', 'PERTE', '2022-05-18', '5241/D', 'JJJJJ', 2, '201012028460'),
(1890, 'oui', 'PERTE', '2022-05-14', '5241/D', 'FRRE', 1, '201012028460'),
(1891, 'oui', 'PRIMA', '2018-08-07', '2568/B', NULL, 1, '201011028460'),
(1892, 'oui', 'PRIMA', '2022-05-20', '84651/A', '22222', 1, '201011028460'),
(1893, '1', 'USURE', '2022-05-20', '5651/A', 'SSSSSSSSSS', 1, '201011011028'),
(1894, 'oui', 'PRIMA', '2022-05-20', '5241/D', 'DDDDDD', 1, '201012028460'),
(1895, 'oui', 'USURE', '2022-05-21', '72920/B', 'hsjsksks', 3, '20111'),
(1896, 'oui', 'PRIMA', '2022-05-21', '796/A', 'bbbbb', 3, '201011011011'),
(1897, 'oui', 'PERTE', '2022-05-21', '513/A', 'aucune', 3, '201011028460'),
(1898, 'oui', 'PERTE', '2022-05-20', '5241/D', 'ZZZZZ', 1, '201012028460'),
(1899, 'oui', 'PERTE', '2022-06-20', '5241/D', 'XXXXX', 1, '201012028460'),
(1900, 'oui', 'PERTE', '2022-06-20', '5241/D', 'BBBBBB', 1, '201012028460'),
(1901, 'oui', 'PERTE', '2022-06-10', '5241/D', 'KKKKK', 1, '201012028460'),
(1902, 'oui', 'PERTE', '2022-06-29', '5241/D', 'PPPPP', 2, '201012028460'),
(1903, 'oui', 'PERTE', '2022-06-18', '5241/D', 'JJJJJ', 2, '201012028460'),
(1904, 'oui', 'PERTE', '2022-09-14', '5241/D', 'FRRE', 1, '201012028460'),
(1905, 'oui', 'PRIMA', '2018-09-07', '2568/B', NULL, 1, '201011028460'),
(1906, 'oui', 'PRIMA', '2022-09-20', '84651/A', '22222', 1, '201011028460'),
(1907, '1', 'USURE', '2022-09-20', '5651/A', 'SSSSSSSSSS', 1, '201011011028'),
(1908, 'oui', 'PRIMA', '2022-09-20', '5241/D', 'DDDDDD', 1, '201012028460'),
(1909, 'oui', 'USURE', '2022-11-21', '72920/B', 'hsjsksks', 3, '20111'),
(1910, 'oui', 'PRIMA', '2022-11-21', '796/A', 'bbbbb', 3, '201011011011'),
(1911, 'oui', 'PERTE', '2022-11-21', '513/A', 'aucune', 3, '201011028460'),
(1912, 'oui', 'PERTE', '2022-06-20', '5241/D', 'ZZZZZ', 1, '201012028460'),
(1913, 'oui', 'PERTE', '2022-06-20', '5241/D', 'XXXXX', 1, '201012028460'),
(1914, 'oui', 'PERTE', '2022-06-20', '5241/D', 'BBBBBB', 1, '201012028460'),
(1915, 'oui', 'PERTE', '2022-01-10', '5241/D', 'KKKKK', 1, '201012028460'),
(1916, 'oui', 'PERTE', '2022-08-29', '5241/D', 'PPPPP', 2, '201012028460'),
(1917, 'oui', 'PERTE', '2022-01-18', '5241/D', 'JJJJJ', 2, '201012028460'),
(1918, 'oui', 'PERTE', '2022-08-14', '5241/D', 'FRRE', 1, '201012028460'),
(1919, 'oui', 'PRIMA', '2018-01-07', '2568/B', NULL, 1, '201011028460'),
(1920, 'oui', 'PRIMA', '2022-10-20', '84651/A', '22222', 1, '201011028460'),
(1921, '1', 'USURE', '2022-10-20', '5651/A', 'SSSSSSSSSS', 1, '201011011028'),
(1922, 'oui', 'PRIMA', '2022-10-20', '5241/D', 'DDDDDD', 1, '201012028460'),
(1923, 'oui', 'USURE', '2022-10-21', '72920/B', 'hsjsksks', 3, '20111'),
(1924, 'oui', 'PRIMA', '2022-10-21', '796/A', 'bbbbb', 3, '201011011011'),
(1925, 'oui', 'PERTE', '2022-10-21', '513/A', 'aucune', 3, '201011028460'),
(1926, 'oui', 'PERTE', '2022-01-20', '5241/D', 'ZZZZZ', 1, '201012028460'),
(1927, 'oui', 'PERTE', '2022-01-20', '5241/D', 'XXXXX', 1, '201012028460'),
(1928, 'oui', 'PERTE', '2022-02-20', '5241/D', 'BBBBBB', 1, '201012028460'),
(1929, 'oui', 'PERTE', '2022-02-10', '5241/D', 'KKKKK', 1, '201012028460'),
(1930, 'oui', 'PERTE', '2022-02-21', '5241/D', 'PPPPP', 2, '201012028460'),
(1931, 'oui', 'PERTE', '2022-02-18', '5241/D', 'JJJJJ', 2, '201012028460'),
(1932, 'oui', 'PERTE', '2022-02-14', '5241/D', 'FRRE', 1, '201012028460'),
(1933, 'oui', 'PRIMA', '2018-02-07', '2568/B', NULL, 1, '201011028460'),
(1934, 'oui', 'PRIMA', '2022-11-20', '84651/A', '22222', 1, '201011028460'),
(1935, '1', 'USURE', '2022-11-20', '5651/A', 'SSSSSSSSSS', 1, '201011011028'),
(1936, 'oui', 'PRIMA', '2022-11-20', '5241/D', 'DDDDDD', 1, '201012028460'),
(1937, 'oui', 'USURE', '2022-11-21', '72920/B', 'hsjsksks', 3, '20111'),
(1938, 'oui', 'PRIMA', '2022-11-21', '796/A', 'bbbbb', 3, '201011011011'),
(1939, 'oui', 'PERTE', '2022-11-21', '513/A', 'aucune', 3, '201011028460'),
(1940, 'oui', 'PERTE', '2022-05-20', '5241/D', 'ZZZZZ', 1, '201012028460'),
(1941, 'oui', 'PERTE', '2022-03-20', '5241/D', 'XXXXX', 1, '201012028460'),
(1942, 'oui', 'PERTE', '2022-03-20', '5241/D', 'BBBBBB', 1, '201012028460'),
(1943, 'oui', 'PERTE', '2022-03-10', '5241/D', 'KKKKK', 1, '201012028460'),
(1944, 'oui', 'PERTE', '2022-05-29', '5241/D', 'PPPPP', 2, '201012028460'),
(1945, 'oui', 'PERTE', '2022-05-18', '5241/D', 'JJJJJ', 2, '201012028460'),
(1946, 'oui', 'PERTE', '2022-05-14', '5241/D', 'FRRE', 1, '201012028460'),
(1947, 'oui', 'PRIMA', '2018-08-07', '2568/B', NULL, 1, '201011028460'),
(1948, 'oui', 'PRIMA', '2022-05-20', '84651/A', '22222', 1, '201011028460'),
(1949, '1', 'USURE', '2022-05-20', '5651/A', 'SSSSSSSSSS', 1, '201011011028'),
(1950, 'oui', 'PRIMA', '2022-05-20', '5241/D', 'DDDDDD', 1, '201012028460'),
(1951, 'oui', 'USURE', '2022-05-21', '72920/B', 'hsjsksks', 3, '20111'),
(1952, 'oui', 'PRIMA', '2022-05-21', '796/A', 'bbbbb', 3, '201011011011'),
(1953, 'oui', 'PERTE', '2022-05-21', '513/A', 'aucune', 3, '201011028460'),
(1954, 'oui', 'PERTE', '2022-05-20', '5241/D', 'ZZZZZ', 1, '201012028460'),
(1955, 'oui', 'PERTE', '2022-06-20', '5241/D', 'XXXXX', 1, '201012028460'),
(1956, 'oui', 'PERTE', '2022-06-20', '5241/D', 'BBBBBB', 1, '201012028460'),
(1957, 'oui', 'PERTE', '2022-06-10', '5241/D', 'KKKKK', 1, '201012028460'),
(1958, 'oui', 'PERTE', '2022-06-29', '5241/D', 'PPPPP', 2, '201012028460'),
(1959, 'oui', 'PERTE', '2022-06-18', '5241/D', 'JJJJJ', 2, '201012028460'),
(1960, 'oui', 'PERTE', '2022-09-14', '5241/D', 'FRRE', 1, '201012028460'),
(1961, 'oui', 'PRIMA', '2018-09-07', '2568/B', NULL, 1, '201011028460'),
(1962, 'oui', 'PRIMA', '2022-09-20', '84651/A', '22222', 1, '201011028460'),
(1963, '1', 'USURE', '2022-09-20', '5651/A', 'SSSSSSSSSS', 1, '201011011028'),
(1964, 'oui', 'PRIMA', '2022-09-20', '5241/D', 'DDDDDD', 1, '201012028460'),
(1965, 'oui', 'USURE', '2022-11-21', '72920/B', 'hsjsksks', 3, '20111'),
(1966, 'oui', 'PRIMA', '2022-11-21', '796/A', 'bbbbb', 3, '201011011011'),
(1967, 'oui', 'PERTE', '2022-11-21', '513/A', 'aucune', 3, '201011028460'),
(1968, 'oui', 'PERTE', '2022-06-20', '5241/D', 'ZZZZZ', 1, '201012028460'),
(1969, 'oui', 'PERTE', '2022-06-20', '5241/D', 'XXXXX', 1, '201012028460'),
(1970, 'oui', 'PERTE', '2022-06-20', '5241/D', 'BBBBBB', 1, '201012028460'),
(1971, 'oui', 'PERTE', '2022-01-10', '5241/D', 'KKKKK', 1, '201012028460'),
(1972, 'oui', 'PERTE', '2022-08-29', '5241/D', 'PPPPP', 2, '201012028460'),
(1973, 'oui', 'PERTE', '2022-01-18', '5241/D', 'JJJJJ', 2, '201012028460'),
(1974, 'oui', 'PERTE', '2022-08-14', '5241/D', 'FRRE', 1, '201012028460'),
(1975, 'oui', 'PRIMA', '2018-01-07', '2568/B', NULL, 1, '201011028460'),
(1976, 'oui', 'PRIMA', '2022-10-20', '84651/A', '22222', 1, '201011028460'),
(1977, '1', 'USURE', '2022-10-20', '5651/A', 'SSSSSSSSSS', 1, '201011011028'),
(1978, 'oui', 'PRIMA', '2022-10-20', '5241/D', 'DDDDDD', 1, '201012028460'),
(1979, 'oui', 'USURE', '2022-10-21', '72920/B', 'hsjsksks', 3, '20111'),
(1980, 'oui', 'PRIMA', '2022-10-21', '796/A', 'bbbbb', 3, '201011011011'),
(1981, 'oui', 'PERTE', '2022-10-21', '513/A', 'aucune', 3, '201011028460'),
(1982, 'oui', 'PERTE', '2022-01-20', '5241/D', 'ZZZZZ', 1, '201012028460'),
(1983, 'oui', 'PERTE', '2022-01-20', '5241/D', 'XXXXX', 1, '201012028460'),
(1984, 'oui', 'PERTE', '2022-02-20', '5241/D', 'BBBBBB', 1, '201012028460'),
(1985, 'oui', 'PERTE', '2022-02-10', '5241/D', 'KKKKK', 1, '201012028460'),
(1986, 'oui', 'PERTE', '2022-02-21', '5241/D', 'PPPPP', 2, '201012028460'),
(1987, 'oui', 'PERTE', '2022-02-18', '5241/D', 'JJJJJ', 2, '201012028460'),
(1988, 'oui', 'PERTE', '2022-02-14', '5241/D', 'FRRE', 1, '201012028460'),
(1989, 'oui', 'PRIMA', '2018-02-07', '2568/B', NULL, 1, '201011028460'),
(1990, 'oui', 'PRIMA', '2022-11-20', '84651/A', '22222', 1, '201011028460'),
(1991, '1', 'USURE', '2022-11-20', '5651/A', 'SSSSSSSSSS', 1, '201011011028'),
(1992, 'oui', 'PRIMA', '2022-11-20', '5241/D', 'DDDDDD', 1, '201012028460'),
(1993, 'oui', 'USURE', '2022-11-21', '72920/B', 'hsjsksks', 3, '20111'),
(1994, 'oui', 'PRIMA', '2022-11-21', '796/A', 'bbbbb', 3, '201011011011'),
(1995, 'oui', 'PERTE', '2022-11-21', '513/A', 'aucune', 3, '201011028460'),
(1996, 'oui', 'PERTE', '2022-05-20', '5241/D', 'ZZZZZ', 1, '201012028460'),
(1997, 'oui', 'PERTE', '2022-03-20', '5241/D', 'XXXXX', 1, '201012028460'),
(1998, 'oui', 'PERTE', '2022-03-20', '5241/D', 'BBBBBB', 1, '201012028460'),
(1999, 'oui', 'PERTE', '2022-03-10', '5241/D', 'KKKKK', 1, '201012028460'),
(2000, 'oui', 'PERTE', '2022-05-29', '5241/D', 'PPPPP', 2, '201012028460'),
(2001, 'oui', 'PERTE', '2022-05-18', '5241/D', 'JJJJJ', 2, '201012028460'),
(2002, 'oui', 'PERTE', '2022-05-14', '5241/D', 'FRRE', 1, '201012028460'),
(2003, 'oui', 'PRIMA', '2018-08-07', '2568/B', NULL, 1, '201011028460'),
(2004, 'oui', 'PRIMA', '2022-05-20', '84651/A', '22222', 1, '201011028460'),
(2005, '1', 'USURE', '2022-05-20', '5651/A', 'SSSSSSSSSS', 1, '201011011028'),
(2006, 'oui', 'PRIMA', '2022-05-20', '5241/D', 'DDDDDD', 1, '201012028460'),
(2007, 'oui', 'USURE', '2022-05-21', '72920/B', 'hsjsksks', 3, '20111'),
(2008, 'oui', 'PRIMA', '2022-05-21', '796/A', 'bbbbb', 3, '201011011011'),
(2009, 'oui', 'PERTE', '2022-05-21', '513/A', 'aucune', 3, '201011028460'),
(2010, 'oui', 'PERTE', '2022-05-20', '5241/D', 'ZZZZZ', 1, '201012028460'),
(2011, 'oui', 'PERTE', '2022-06-20', '5241/D', 'XXXXX', 1, '201012028460'),
(2012, 'oui', 'PERTE', '2022-06-20', '5241/D', 'BBBBBB', 1, '201012028460'),
(2013, 'oui', 'PERTE', '2022-06-10', '5241/D', 'KKKKK', 1, '201012028460'),
(2014, 'oui', 'PERTE', '2022-06-29', '5241/D', 'PPPPP', 2, '201012028460'),
(2015, 'oui', 'PERTE', '2022-06-18', '5241/D', 'JJJJJ', 2, '201012028460'),
(2016, 'oui', 'PERTE', '2022-09-14', '5241/D', 'FRRE', 1, '201012028460'),
(2017, 'oui', 'PRIMA', '2018-09-07', '2568/B', NULL, 1, '201011028460'),
(2018, 'oui', 'PRIMA', '2022-09-20', '84651/A', '22222', 1, '201011028460'),
(2019, '1', 'USURE', '2022-09-20', '5651/A', 'SSSSSSSSSS', 1, '201011011028'),
(2020, 'oui', 'PRIMA', '2022-09-20', '5241/D', 'DDDDDD', 1, '201012028460'),
(2021, 'oui', 'USURE', '2022-11-21', '72920/B', 'hsjsksks', 3, '20111'),
(2022, 'oui', 'PRIMA', '2022-11-21', '796/A', 'bbbbb', 3, '201011011011'),
(2023, 'oui', 'PERTE', '2022-11-21', '513/A', 'aucune', 3, '201011028460'),
(2024, 'oui', 'PERTE', '2022-06-20', '5241/D', 'ZZZZZ', 1, '201012028460'),
(2025, 'oui', 'PERTE', '2022-06-20', '5241/D', 'XXXXX', 1, '201012028460'),
(2026, 'oui', 'PERTE', '2022-06-20', '5241/D', 'BBBBBB', 1, '201012028460'),
(2027, 'oui', 'PERTE', '2022-01-10', '5241/D', 'KKKKK', 1, '201012028460'),
(2028, 'oui', 'PERTE', '2022-08-29', '5241/D', 'PPPPP', 2, '201012028460'),
(2029, 'oui', 'PERTE', '2022-01-18', '5241/D', 'JJJJJ', 2, '201012028460'),
(2030, 'oui', 'PERTE', '2022-08-14', '5241/D', 'FRRE', 1, '201012028460'),
(2031, 'oui', 'PRIMA', '2018-01-07', '2568/B', NULL, 1, '201011028460'),
(2032, 'oui', 'PRIMA', '2022-10-20', '84651/A', '22222', 1, '201011028460'),
(2033, '1', 'USURE', '2022-10-20', '5651/A', 'SSSSSSSSSS', 1, '201011011028'),
(2034, 'oui', 'PRIMA', '2022-10-20', '5241/D', 'DDDDDD', 1, '201012028460'),
(2035, 'oui', 'USURE', '2022-10-21', '72920/B', 'hsjsksks', 3, '20111'),
(2036, 'oui', 'PRIMA', '2022-10-21', '796/A', 'bbbbb', 3, '201011011011'),
(2037, 'oui', 'PERTE', '2022-10-21', '513/A', 'aucune', 3, '201011028460'),
(2038, 'oui', 'PERTE', '2022-01-20', '5241/D', 'ZZZZZ', 1, '201012028460'),
(2039, 'oui', 'PERTE', '2022-01-20', '5241/D', 'XXXXX', 1, '201012028460'),
(2040, 'oui', 'PERTE', '2022-02-20', '5241/D', 'BBBBBB', 1, '201012028460'),
(2041, 'oui', 'PERTE', '2022-02-10', '5241/D', 'KKKKK', 1, '201012028460'),
(2042, 'oui', 'PERTE', '2022-02-21', '5241/D', 'PPPPP', 2, '201012028460'),
(2043, 'oui', 'PERTE', '2022-02-18', '5241/D', 'JJJJJ', 2, '201012028460'),
(2044, 'oui', 'PERTE', '2022-02-14', '5241/D', 'FRRE', 1, '201012028460'),
(2045, 'oui', 'PRIMA', '2018-02-07', '2568/B', NULL, 1, '201011028460'),
(2046, 'oui', 'PRIMA', '2022-11-20', '84651/A', '22222', 1, '201011028460'),
(2047, '1', 'USURE', '2022-11-20', '5651/A', 'SSSSSSSSSS', 1, '201011011028'),
(2048, 'oui', 'PRIMA', '2022-11-20', '5241/D', 'DDDDDD', 1, '201012028460'),
(2049, 'oui', 'USURE', '2022-11-21', '72920/B', 'hsjsksks', 3, '20111'),
(2050, 'oui', 'PRIMA', '2022-11-21', '796/A', 'bbbbb', 3, '201011011011'),
(2051, 'oui', 'PERTE', '2022-11-21', '513/A', 'aucune', 3, '201011028460'),
(2052, 'oui', 'PERTE', '2022-05-20', '5241/D', 'ZZZZZ', 1, '201012028460'),
(2053, 'oui', 'PERTE', '2022-03-20', '5241/D', 'XXXXX', 1, '201012028460'),
(2054, 'oui', 'PERTE', '2022-03-20', '5241/D', 'BBBBBB', 1, '201012028460'),
(2055, 'oui', 'PERTE', '2022-03-10', '5241/D', 'KKKKK', 1, '201012028460'),
(2056, 'oui', 'PERTE', '2022-05-29', '5241/D', 'PPPPP', 2, '201012028460'),
(2057, 'oui', 'PERTE', '2022-05-18', '5241/D', 'JJJJJ', 2, '201012028460'),
(2058, 'oui', 'PERTE', '2022-05-14', '5241/D', 'FRRE', 1, '201012028460'),
(2059, 'oui', 'PRIMA', '2018-08-07', '2568/B', NULL, 1, '201011028460'),
(2060, 'oui', 'PRIMA', '2022-05-20', '84651/A', '22222', 1, '201011028460'),
(2061, '1', 'USURE', '2022-05-20', '5651/A', 'SSSSSSSSSS', 1, '201011011028'),
(2062, 'oui', 'PRIMA', '2022-05-20', '5241/D', 'DDDDDD', 1, '201012028460'),
(2063, 'oui', 'USURE', '2022-05-21', '72920/B', 'hsjsksks', 3, '20111'),
(2064, 'oui', 'PRIMA', '2022-05-21', '796/A', 'bbbbb', 3, '201011011011'),
(2065, 'oui', 'PERTE', '2022-05-21', '513/A', 'aucune', 3, '201011028460'),
(2066, 'oui', 'PERTE', '2022-05-20', '5241/D', 'ZZZZZ', 1, '201012028460'),
(2067, 'oui', 'PERTE', '2022-06-20', '5241/D', 'XXXXX', 1, '201012028460'),
(2068, 'oui', 'PERTE', '2022-06-20', '5241/D', 'BBBBBB', 1, '201012028460'),
(2069, 'oui', 'PERTE', '2022-06-10', '5241/D', 'KKKKK', 1, '201012028460'),
(2070, 'oui', 'PERTE', '2022-06-29', '5241/D', 'PPPPP', 2, '201012028460'),
(2071, 'oui', 'PERTE', '2022-06-18', '5241/D', 'JJJJJ', 2, '201012028460'),
(2072, 'oui', 'PERTE', '2022-09-14', '5241/D', 'FRRE', 1, '201012028460');
INSERT INTO `procedure_cin` (`idProcedureCin`, `approbation`, `etatCin`, `dateProcedure`, `numSeries`, `observation`, `p_idUtilisateur`, `p_cin`) VALUES
(2073, 'oui', 'PRIMA', '2018-09-07', '2568/B', NULL, 1, '201011028460'),
(2074, 'oui', 'PRIMA', '2022-09-20', '84651/A', '22222', 1, '201011028460'),
(2075, '1', 'USURE', '2022-09-20', '5651/A', 'SSSSSSSSSS', 1, '201011011028'),
(2076, 'oui', 'PRIMA', '2022-09-20', '5241/D', 'DDDDDD', 1, '201012028460'),
(2077, 'oui', 'USURE', '2022-11-21', '72920/B', 'hsjsksks', 3, '20111'),
(2078, 'oui', 'PRIMA', '2022-11-21', '796/A', 'bbbbb', 3, '201011011011'),
(2079, 'oui', 'PERTE', '2022-11-21', '513/A', 'aucune', 3, '201011028460'),
(2080, 'oui', 'PERTE', '2022-06-20', '5241/D', 'ZZZZZ', 1, '201012028460'),
(2081, 'oui', 'PERTE', '2022-06-20', '5241/D', 'XXXXX', 1, '201012028460'),
(2082, 'oui', 'PERTE', '2022-06-20', '5241/D', 'BBBBBB', 1, '201012028460'),
(2083, 'oui', 'PERTE', '2022-01-10', '5241/D', 'KKKKK', 1, '201012028460'),
(2084, 'oui', 'PERTE', '2022-08-29', '5241/D', 'PPPPP', 2, '201012028460'),
(2085, 'oui', 'PERTE', '2022-01-18', '5241/D', 'JJJJJ', 2, '201012028460'),
(2086, 'oui', 'PERTE', '2022-08-14', '5241/D', 'FRRE', 1, '201012028460'),
(2087, 'oui', 'PRIMA', '2018-01-07', '2568/B', NULL, 1, '201011028460'),
(2088, 'oui', 'PRIMA', '2022-10-20', '84651/A', '22222', 1, '201011028460'),
(2089, '1', 'USURE', '2022-10-20', '5651/A', 'SSSSSSSSSS', 1, '201011011028'),
(2090, 'oui', 'PRIMA', '2022-10-20', '5241/D', 'DDDDDD', 1, '201012028460'),
(2091, 'oui', 'USURE', '2022-10-21', '72920/B', 'hsjsksks', 3, '20111'),
(2092, 'oui', 'PRIMA', '2022-10-21', '796/A', 'bbbbb', 3, '201011011011'),
(2093, 'oui', 'PERTE', '2022-10-21', '513/A', 'aucune', 3, '201011028460'),
(2094, 'oui', 'PERTE', '2022-01-20', '5241/D', 'ZZZZZ', 1, '201012028460'),
(2095, 'oui', 'PERTE', '2022-01-20', '5241/D', 'XXXXX', 1, '201012028460'),
(2096, 'oui', 'PERTE', '2022-02-20', '5241/D', 'BBBBBB', 1, '201012028460'),
(2097, 'oui', 'PERTE', '2022-02-10', '5241/D', 'KKKKK', 1, '201012028460'),
(2098, 'oui', 'PERTE', '2022-02-21', '5241/D', 'PPPPP', 2, '201012028460'),
(2099, 'oui', 'PERTE', '2022-02-18', '5241/D', 'JJJJJ', 2, '201012028460'),
(2100, 'oui', 'PERTE', '2022-02-14', '5241/D', 'FRRE', 1, '201012028460'),
(2101, 'oui', 'PRIMA', '2018-02-07', '2568/B', NULL, 1, '201011028460'),
(2102, 'oui', 'PRIMA', '2022-11-20', '84651/A', '22222', 1, '201011028460'),
(2103, '1', 'USURE', '2022-11-20', '5651/A', 'SSSSSSSSSS', 1, '201011011028'),
(2104, 'oui', 'PRIMA', '2022-11-20', '5241/D', 'DDDDDD', 1, '201012028460'),
(2105, 'oui', 'USURE', '2022-11-21', '72920/B', 'hsjsksks', 3, '20111'),
(2106, 'oui', 'PRIMA', '2022-11-21', '796/A', 'bbbbb', 3, '201011011011'),
(2107, 'oui', 'PERTE', '2022-11-21', '513/A', 'aucune', 3, '201011028460'),
(2108, 'oui', 'PERTE', '2022-05-20', '5241/D', 'ZZZZZ', 1, '201012028460'),
(2109, 'oui', 'PERTE', '2022-03-20', '5241/D', 'XXXXX', 1, '201012028460'),
(2110, 'oui', 'PERTE', '2022-03-20', '5241/D', 'BBBBBB', 1, '201012028460'),
(2111, 'oui', 'PERTE', '2022-03-10', '5241/D', 'KKKKK', 1, '201012028460'),
(2112, 'oui', 'PERTE', '2022-05-29', '5241/D', 'PPPPP', 2, '201012028460'),
(2113, 'oui', 'PERTE', '2022-05-18', '5241/D', 'JJJJJ', 2, '201012028460'),
(2114, 'oui', 'PERTE', '2022-05-14', '5241/D', 'FRRE', 1, '201012028460'),
(2115, 'oui', 'PRIMA', '2018-08-07', '2568/B', NULL, 1, '201011028460'),
(2116, 'oui', 'PRIMA', '2022-05-20', '84651/A', '22222', 1, '201011028460'),
(2117, '1', 'USURE', '2022-05-20', '5651/A', 'SSSSSSSSSS', 1, '201011011028'),
(2118, 'oui', 'PRIMA', '2022-05-20', '5241/D', 'DDDDDD', 1, '201012028460'),
(2119, 'oui', 'USURE', '2022-05-21', '72920/B', 'hsjsksks', 3, '20111'),
(2120, 'oui', 'PRIMA', '2022-05-21', '796/A', 'bbbbb', 3, '201011011011'),
(2121, 'oui', 'PERTE', '2022-05-21', '513/A', 'aucune', 3, '201011028460'),
(2122, 'oui', 'PERTE', '2022-05-20', '5241/D', 'ZZZZZ', 1, '201012028460'),
(2123, 'oui', 'PERTE', '2022-06-20', '5241/D', 'XXXXX', 1, '201012028460'),
(2124, 'oui', 'PERTE', '2022-06-20', '5241/D', 'BBBBBB', 1, '201012028460'),
(2125, 'oui', 'PERTE', '2022-06-10', '5241/D', 'KKKKK', 1, '201012028460'),
(2126, 'oui', 'PERTE', '2022-06-29', '5241/D', 'PPPPP', 2, '201012028460'),
(2127, 'oui', 'PERTE', '2022-06-18', '5241/D', 'JJJJJ', 2, '201012028460'),
(2128, 'oui', 'PERTE', '2022-09-14', '5241/D', 'FRRE', 1, '201012028460'),
(2129, 'oui', 'PRIMA', '2018-09-07', '2568/B', NULL, 1, '201011028460'),
(2130, 'oui', 'PRIMA', '2022-09-20', '84651/A', '22222', 1, '201011028460'),
(2131, '1', 'USURE', '2022-09-20', '5651/A', 'SSSSSSSSSS', 1, '201011011028'),
(2132, 'oui', 'PRIMA', '2022-09-20', '5241/D', 'DDDDDD', 1, '201012028460'),
(2133, 'oui', 'USURE', '2022-11-21', '72920/B', 'hsjsksks', 3, '20111'),
(2134, 'oui', 'PRIMA', '2022-11-21', '796/A', 'bbbbb', 3, '201011011011'),
(2135, 'oui', 'PERTE', '2022-11-21', '513/A', 'aucune', 3, '201011028460'),
(2136, 'oui', 'PERTE', '2022-06-20', '5241/D', 'ZZZZZ', 1, '201012028460'),
(2137, 'oui', 'PERTE', '2022-06-20', '5241/D', 'XXXXX', 1, '201012028460'),
(2138, 'oui', 'PERTE', '2022-06-20', '5241/D', 'BBBBBB', 1, '201012028460'),
(2139, 'oui', 'PERTE', '2022-01-10', '5241/D', 'KKKKK', 1, '201012028460'),
(2140, 'oui', 'PERTE', '2022-08-29', '5241/D', 'PPPPP', 2, '201012028460'),
(2141, 'oui', 'PERTE', '2022-01-18', '5241/D', 'JJJJJ', 2, '201012028460'),
(2142, 'oui', 'PERTE', '2022-08-14', '5241/D', 'FRRE', 1, '201012028460'),
(2143, 'oui', 'PRIMA', '2018-01-07', '2568/B', NULL, 1, '201011028460'),
(2144, 'oui', 'PRIMA', '2022-10-20', '84651/A', '22222', 1, '201011028460'),
(2145, '1', 'USURE', '2022-10-20', '5651/A', 'SSSSSSSSSS', 1, '201011011028'),
(2146, 'oui', 'PRIMA', '2022-10-20', '5241/D', 'DDDDDD', 1, '201012028460'),
(2147, 'oui', 'USURE', '2022-10-21', '72920/B', 'hsjsksks', 3, '20111'),
(2148, 'oui', 'PRIMA', '2022-10-21', '796/A', 'bbbbb', 3, '201011011011'),
(2149, 'oui', 'PERTE', '2022-10-21', '513/A', 'aucune', 3, '201011028460'),
(2150, 'oui', 'PERTE', '2022-01-20', '5241/D', 'ZZZZZ', 1, '201012028460'),
(2151, 'oui', 'PERTE', '2022-01-20', '5241/D', 'XXXXX', 1, '201012028460'),
(2152, 'oui', 'PERTE', '2022-02-20', '5241/D', 'BBBBBB', 1, '201012028460'),
(2153, 'oui', 'PERTE', '2022-02-10', '5241/D', 'KKKKK', 1, '201012028460'),
(2154, 'oui', 'PERTE', '2022-02-21', '5241/D', 'PPPPP', 2, '201012028460'),
(2155, 'oui', 'PERTE', '2022-02-18', '5241/D', 'JJJJJ', 2, '201012028460'),
(2156, 'oui', 'PERTE', '2022-02-14', '5241/D', 'FRRE', 1, '201012028460'),
(2157, 'oui', 'PRIMA', '2018-02-07', '2568/B', NULL, 1, '201011028460'),
(2158, 'oui', 'PRIMA', '2022-11-20', '84651/A', '22222', 1, '201011028460'),
(2159, '1', 'USURE', '2022-11-20', '5651/A', 'SSSSSSSSSS', 1, '201011011028'),
(2160, 'oui', 'PRIMA', '2022-11-20', '5241/D', 'DDDDDD', 1, '201012028460'),
(2161, 'oui', 'USURE', '2022-11-21', '72920/B', 'hsjsksks', 3, '20111'),
(2162, 'oui', 'PRIMA', '2022-11-21', '796/A', 'bbbbb', 3, '201011011011'),
(2163, 'oui', 'PERTE', '2022-11-21', '513/A', 'aucune', 3, '201011028460'),
(2164, 'oui', 'PERTE', '2022-05-20', '5241/D', 'ZZZZZ', 1, '201012028460'),
(2165, 'oui', 'PERTE', '2022-03-20', '5241/D', 'XXXXX', 1, '201012028460'),
(2166, 'oui', 'PERTE', '2022-03-20', '5241/D', 'BBBBBB', 1, '201012028460'),
(2167, 'oui', 'PERTE', '2022-03-10', '5241/D', 'KKKKK', 1, '201012028460'),
(2168, 'oui', 'PERTE', '2022-05-29', '5241/D', 'PPPPP', 2, '201012028460'),
(2169, 'oui', 'PERTE', '2022-05-18', '5241/D', 'JJJJJ', 2, '201012028460'),
(2170, 'oui', 'PERTE', '2022-05-14', '5241/D', 'FRRE', 1, '201012028460'),
(2171, 'oui', 'PRIMA', '2018-08-07', '2568/B', NULL, 1, '201011028460'),
(2172, 'oui', 'PRIMA', '2022-05-20', '84651/A', '22222', 1, '201011028460'),
(2173, '1', 'USURE', '2022-05-20', '5651/A', 'SSSSSSSSSS', 1, '201011011028'),
(2174, 'oui', 'PRIMA', '2022-05-20', '5241/D', 'DDDDDD', 1, '201012028460'),
(2175, 'oui', 'USURE', '2022-05-21', '72920/B', 'hsjsksks', 3, '20111'),
(2176, 'oui', 'PRIMA', '2022-05-21', '796/A', 'bbbbb', 3, '201011011011'),
(2177, 'oui', 'PERTE', '2022-05-21', '513/A', 'aucune', 3, '201011028460'),
(2178, 'oui', 'PERTE', '2022-05-20', '5241/D', 'ZZZZZ', 1, '201012028460'),
(2179, 'oui', 'PERTE', '2022-06-20', '5241/D', 'XXXXX', 1, '201012028460'),
(2180, 'oui', 'PERTE', '2022-06-20', '5241/D', 'BBBBBB', 1, '201012028460'),
(2181, 'oui', 'PERTE', '2022-06-10', '5241/D', 'KKKKK', 1, '201012028460'),
(2182, 'oui', 'PERTE', '2022-06-29', '5241/D', 'PPPPP', 2, '201012028460'),
(2183, 'oui', 'PERTE', '2022-06-18', '5241/D', 'JJJJJ', 2, '201012028460'),
(2184, 'oui', 'PERTE', '2022-09-14', '5241/D', 'FRRE', 1, '201012028460'),
(2185, 'oui', 'PRIMA', '2018-09-07', '2568/B', NULL, 1, '201011028460'),
(2186, 'oui', 'PRIMA', '2022-09-20', '84651/A', '22222', 1, '201011028460'),
(2187, '1', 'USURE', '2022-09-20', '5651/A', 'SSSSSSSSSS', 1, '201011011028'),
(2188, 'oui', 'PRIMA', '2022-09-20', '5241/D', 'DDDDDD', 1, '201012028460'),
(2189, 'oui', 'USURE', '2022-11-21', '72920/B', 'hsjsksks', 3, '20111'),
(2190, 'oui', 'PRIMA', '2022-11-21', '796/A', 'bbbbb', 3, '201011011011'),
(2191, 'oui', 'PERTE', '2022-11-21', '513/A', 'aucune', 3, '201011028460'),
(2192, 'oui', 'PERTE', '2022-06-20', '5241/D', 'ZZZZZ', 1, '201012028460'),
(2193, 'oui', 'PERTE', '2022-06-20', '5241/D', 'XXXXX', 1, '201012028460'),
(2194, 'oui', 'PERTE', '2022-06-20', '5241/D', 'BBBBBB', 1, '201012028460'),
(2195, 'oui', 'PERTE', '2022-01-10', '5241/D', 'KKKKK', 1, '201012028460'),
(2196, 'oui', 'PERTE', '2022-08-29', '5241/D', 'PPPPP', 2, '201012028460'),
(2197, 'oui', 'PERTE', '2022-01-18', '5241/D', 'JJJJJ', 2, '201012028460'),
(2198, 'oui', 'PERTE', '2022-08-14', '5241/D', 'FRRE', 1, '201012028460'),
(2199, 'oui', 'PRIMA', '2018-01-07', '2568/B', NULL, 1, '201011028460'),
(2200, 'oui', 'PRIMA', '2022-10-20', '84651/A', '22222', 1, '201011028460'),
(2201, '1', 'USURE', '2022-10-20', '5651/A', 'SSSSSSSSSS', 1, '201011011028'),
(2202, 'oui', 'PRIMA', '2022-10-20', '5241/D', 'DDDDDD', 1, '201012028460'),
(2203, 'oui', 'USURE', '2022-10-21', '72920/B', 'hsjsksks', 3, '20111'),
(2204, 'oui', 'PRIMA', '2022-10-21', '796/A', 'bbbbb', 3, '201011011011'),
(2205, 'oui', 'PERTE', '2022-10-21', '513/A', 'aucune', 3, '201011028460'),
(2206, 'oui', 'PERTE', '2022-01-20', '5241/D', 'ZZZZZ', 1, '201012028460'),
(2207, 'oui', 'PERTE', '2022-01-20', '5241/D', 'XXXXX', 1, '201012028460'),
(2208, 'oui', 'PERTE', '2022-02-20', '5241/D', 'BBBBBB', 1, '201012028460'),
(2209, 'oui', 'PERTE', '2022-02-10', '5241/D', 'KKKKK', 1, '201012028460'),
(2210, 'oui', 'PERTE', '2022-02-21', '5241/D', 'PPPPP', 2, '201012028460'),
(2211, 'oui', 'PERTE', '2022-02-18', '5241/D', 'JJJJJ', 2, '201012028460'),
(2212, 'oui', 'PERTE', '2022-02-14', '5241/D', 'FRRE', 1, '201012028460'),
(2213, 'oui', 'PRIMA', '2018-02-07', '2568/B', NULL, 1, '201011028460'),
(2214, 'oui', 'PRIMA', '2022-11-20', '84651/A', '22222', 1, '201011028460'),
(2215, '1', 'USURE', '2022-11-20', '5651/A', 'SSSSSSSSSS', 1, '201011011028'),
(2216, 'oui', 'PRIMA', '2022-11-20', '5241/D', 'DDDDDD', 1, '201012028460'),
(2217, 'oui', 'USURE', '2022-11-21', '72920/B', 'hsjsksks', 3, '20111'),
(2218, 'oui', 'PRIMA', '2022-11-21', '796/A', 'bbbbb', 3, '201011011011'),
(2219, 'oui', 'PERTE', '2022-11-21', '513/A', 'aucune', 3, '201011028460'),
(2220, 'oui', 'PERTE', '2022-05-20', '5241/D', 'ZZZZZ', 1, '201012028460'),
(2221, 'oui', 'PERTE', '2022-03-20', '5241/D', 'XXXXX', 1, '201012028460'),
(2222, 'oui', 'PERTE', '2022-03-20', '5241/D', 'BBBBBB', 1, '201012028460'),
(2223, 'oui', 'PERTE', '2022-03-10', '5241/D', 'KKKKK', 1, '201012028460'),
(2224, 'oui', 'PERTE', '2022-05-29', '5241/D', 'PPPPP', 2, '201012028460'),
(2225, 'oui', 'PERTE', '2022-05-18', '5241/D', 'JJJJJ', 2, '201012028460'),
(2226, 'oui', 'PERTE', '2022-05-14', '5241/D', 'FRRE', 1, '201012028460'),
(2227, 'oui', 'PRIMA', '2018-08-07', '2568/B', NULL, 1, '201011028460'),
(2228, 'oui', 'PRIMA', '2022-05-20', '84651/A', '22222', 1, '201011028460'),
(2229, '1', 'USURE', '2022-05-20', '5651/A', 'SSSSSSSSSS', 1, '201011011028'),
(2230, 'oui', 'PRIMA', '2022-05-20', '5241/D', 'DDDDDD', 1, '201012028460'),
(2231, 'oui', 'USURE', '2022-05-21', '72920/B', 'hsjsksks', 3, '20111'),
(2232, 'oui', 'PRIMA', '2022-05-21', '796/A', 'bbbbb', 3, '201011011011'),
(2233, 'oui', 'PERTE', '2022-05-21', '513/A', 'aucune', 3, '201011028460'),
(2234, 'oui', 'PERTE', '2022-05-20', '5241/D', 'ZZZZZ', 1, '201012028460'),
(2235, 'oui', 'PERTE', '2022-06-20', '5241/D', 'XXXXX', 1, '201012028460'),
(2236, 'oui', 'PERTE', '2022-06-20', '5241/D', 'BBBBBB', 1, '201012028460'),
(2237, 'oui', 'PERTE', '2022-06-10', '5241/D', 'KKKKK', 1, '201012028460'),
(2238, 'oui', 'PERTE', '2022-06-29', '5241/D', 'PPPPP', 2, '201012028460'),
(2239, 'oui', 'PERTE', '2022-06-18', '5241/D', 'JJJJJ', 2, '201012028460'),
(2240, 'oui', 'PERTE', '2022-09-14', '5241/D', 'FRRE', 1, '201012028460'),
(2241, 'oui', 'PRIMA', '2018-09-07', '2568/B', NULL, 1, '201011028460'),
(2242, 'oui', 'PRIMA', '2022-09-20', '84651/A', '22222', 1, '201011028460'),
(2243, '1', 'USURE', '2022-09-20', '5651/A', 'SSSSSSSSSS', 1, '201011011028'),
(2244, 'oui', 'PRIMA', '2022-09-20', '5241/D', 'DDDDDD', 1, '201012028460'),
(2245, 'oui', 'USURE', '2022-11-21', '72920/B', 'hsjsksks', 3, '20111'),
(2246, 'oui', 'PRIMA', '2022-11-21', '796/A', 'bbbbb', 3, '201011011011'),
(2247, 'oui', 'PERTE', '2022-11-21', '513/A', 'aucune', 3, '201011028460'),
(2248, 'oui', 'PERTE', '2022-06-20', '5241/D', 'ZZZZZ', 1, '201012028460'),
(2249, 'oui', 'PERTE', '2022-06-20', '5241/D', 'XXXXX', 1, '201012028460'),
(2250, 'oui', 'PERTE', '2022-06-20', '5241/D', 'BBBBBB', 1, '201012028460'),
(2251, 'oui', 'PERTE', '2022-01-10', '5241/D', 'KKKKK', 1, '201012028460'),
(2252, 'oui', 'PERTE', '2022-08-29', '5241/D', 'PPPPP', 2, '201012028460'),
(2253, 'oui', 'PERTE', '2022-01-18', '5241/D', 'JJJJJ', 2, '201012028460'),
(2254, 'oui', 'PERTE', '2022-08-14', '5241/D', 'FRRE', 1, '201012028460'),
(2255, 'oui', 'PRIMA', '2018-01-07', '2568/B', NULL, 1, '201011028460'),
(2256, 'oui', 'PRIMA', '2022-10-20', '84651/A', '22222', 1, '201011028460'),
(2257, '1', 'USURE', '2022-10-20', '5651/A', 'SSSSSSSSSS', 1, '201011011028'),
(2258, 'oui', 'PRIMA', '2022-10-20', '5241/D', 'DDDDDD', 1, '201012028460'),
(2259, 'oui', 'USURE', '2022-10-21', '72920/B', 'hsjsksks', 3, '20111'),
(2260, 'oui', 'PRIMA', '2022-10-21', '796/A', 'bbbbb', 3, '201011011011'),
(2261, 'oui', 'PERTE', '2022-10-21', '513/A', 'aucune', 3, '201011028460'),
(2262, 'oui', 'PERTE', '2022-01-20', '5241/D', 'ZZZZZ', 1, '201012028460'),
(2263, 'oui', 'PERTE', '2022-01-20', '5241/D', 'XXXXX', 1, '201012028460'),
(2264, 'oui', 'PERTE', '2022-02-20', '5241/D', 'BBBBBB', 1, '201012028460'),
(2265, 'oui', 'PERTE', '2022-02-10', '5241/D', 'KKKKK', 1, '201012028460'),
(2266, 'oui', 'PERTE', '2022-02-21', '5241/D', 'PPPPP', 2, '201012028460'),
(2267, 'oui', 'PERTE', '2022-02-18', '5241/D', 'JJJJJ', 2, '201012028460'),
(2268, 'oui', 'PERTE', '2022-02-14', '5241/D', 'FRRE', 1, '201012028460'),
(2269, 'oui', 'PRIMA', '2018-02-07', '2568/B', NULL, 1, '201011028460'),
(2270, 'oui', 'PRIMA', '2022-11-20', '84651/A', '22222', 1, '201011028460'),
(2271, '1', 'USURE', '2022-11-20', '5651/A', 'SSSSSSSSSS', 1, '201011011028'),
(2272, 'oui', 'PRIMA', '2022-11-20', '5241/D', 'DDDDDD', 1, '201012028460'),
(2273, 'oui', 'USURE', '2022-11-21', '72920/B', 'hsjsksks', 3, '20111'),
(2274, 'oui', 'PRIMA', '2022-11-21', '796/A', 'bbbbb', 3, '201011011011'),
(2275, 'oui', 'PERTE', '2022-11-21', '513/A', 'aucune', 3, '201011028460'),
(2276, 'oui', 'PERTE', '2022-05-20', '5241/D', 'ZZZZZ', 1, '201012028460'),
(2277, 'oui', 'PERTE', '2022-03-20', '5241/D', 'XXXXX', 1, '201012028460'),
(2278, 'oui', 'PERTE', '2022-03-20', '5241/D', 'BBBBBB', 1, '201012028460'),
(2279, 'oui', 'PERTE', '2022-03-10', '5241/D', 'KKKKK', 1, '201012028460'),
(2280, 'oui', 'PERTE', '2022-05-29', '5241/D', 'PPPPP', 2, '201012028460'),
(2281, 'oui', 'PERTE', '2022-05-18', '5241/D', 'JJJJJ', 2, '201012028460'),
(2282, 'oui', 'PERTE', '2022-05-14', '5241/D', 'FRRE', 1, '201012028460'),
(2283, 'oui', 'PRIMA', '2018-08-07', '2568/B', NULL, 1, '201011028460'),
(2284, 'oui', 'PRIMA', '2022-05-20', '84651/A', '22222', 1, '201011028460'),
(2285, '1', 'USURE', '2022-05-20', '5651/A', 'SSSSSSSSSS', 1, '201011011028'),
(2286, 'oui', 'PRIMA', '2022-05-20', '5241/D', 'DDDDDD', 1, '201012028460'),
(2287, 'oui', 'USURE', '2022-05-21', '72920/B', 'hsjsksks', 3, '20111'),
(2288, 'oui', 'PRIMA', '2022-05-21', '796/A', 'bbbbb', 3, '201011011011'),
(2289, 'oui', 'PERTE', '2022-05-21', '513/A', 'aucune', 3, '201011028460'),
(2290, 'oui', 'PERTE', '2022-05-20', '5241/D', 'ZZZZZ', 1, '201012028460'),
(2291, 'oui', 'PERTE', '2022-06-20', '5241/D', 'XXXXX', 1, '201012028460'),
(2292, 'oui', 'PERTE', '2022-06-20', '5241/D', 'BBBBBB', 1, '201012028460'),
(2293, 'oui', 'PERTE', '2022-06-10', '5241/D', 'KKKKK', 1, '201012028460'),
(2294, 'oui', 'PERTE', '2022-06-29', '5241/D', 'PPPPP', 2, '201012028460'),
(2295, 'oui', 'PERTE', '2022-06-18', '5241/D', 'JJJJJ', 2, '201012028460'),
(2296, 'oui', 'PERTE', '2022-09-14', '5241/D', 'FRRE', 1, '201012028460'),
(2297, 'oui', 'PRIMA', '2018-09-07', '2568/B', NULL, 1, '201011028460'),
(2298, 'oui', 'PRIMA', '2022-09-20', '84651/A', '22222', 1, '201011028460'),
(2299, '1', 'USURE', '2022-09-20', '5651/A', 'SSSSSSSSSS', 1, '201011011028'),
(2300, 'oui', 'PRIMA', '2022-09-20', '5241/D', 'DDDDDD', 1, '201012028460'),
(2301, 'oui', 'USURE', '2022-11-21', '72920/B', 'hsjsksks', 3, '20111'),
(2302, 'oui', 'PRIMA', '2022-11-21', '796/A', 'bbbbb', 3, '201011011011'),
(2303, 'oui', 'PERTE', '2022-11-21', '513/A', 'aucune', 3, '201011028460'),
(2304, 'oui', 'PERTE', '2022-06-20', '5241/D', 'ZZZZZ', 1, '201012028460'),
(2305, 'oui', 'PERTE', '2022-06-20', '5241/D', 'XXXXX', 1, '201012028460'),
(2306, 'oui', 'PERTE', '2022-06-20', '5241/D', 'BBBBBB', 1, '201012028460'),
(2307, 'oui', 'PERTE', '2022-01-10', '5241/D', 'KKKKK', 1, '201012028460'),
(2308, 'oui', 'PERTE', '2022-08-29', '5241/D', 'PPPPP', 2, '201012028460'),
(2309, 'oui', 'PERTE', '2022-01-18', '5241/D', 'JJJJJ', 2, '201012028460'),
(2310, 'oui', 'PERTE', '2022-08-14', '5241/D', 'FRRE', 1, '201012028460'),
(2311, 'oui', 'PRIMA', '2018-01-07', '2568/B', NULL, 1, '201011028460'),
(2312, 'oui', 'PRIMA', '2022-10-20', '84651/A', '22222', 1, '201011028460'),
(2313, '1', 'USURE', '2022-10-20', '5651/A', 'SSSSSSSSSS', 1, '201011011028'),
(2314, 'oui', 'PRIMA', '2022-10-20', '5241/D', 'DDDDDD', 1, '201012028460'),
(2315, 'oui', 'USURE', '2022-10-21', '72920/B', 'hsjsksks', 3, '20111'),
(2316, 'oui', 'PRIMA', '2022-10-21', '796/A', 'bbbbb', 3, '201011011011'),
(2317, 'oui', 'PERTE', '2022-10-21', '513/A', 'aucune', 3, '201011028460'),
(2318, 'oui', 'PERTE', '2022-01-20', '5241/D', 'ZZZZZ', 1, '201012028460'),
(2319, 'oui', 'PERTE', '2022-01-20', '5241/D', 'XXXXX', 1, '201012028460'),
(2320, 'oui', 'PERTE', '2022-02-20', '5241/D', 'BBBBBB', 1, '201012028460'),
(2321, 'oui', 'PERTE', '2022-02-10', '5241/D', 'KKKKK', 1, '201012028460'),
(2322, 'oui', 'PERTE', '2022-02-21', '5241/D', 'PPPPP', 2, '201012028460'),
(2323, 'oui', 'PERTE', '2022-02-18', '5241/D', 'JJJJJ', 2, '201012028460'),
(2324, 'oui', 'PERTE', '2022-02-14', '5241/D', 'FRRE', 1, '201012028460'),
(2325, 'oui', 'PRIMA', '2018-02-07', '2568/B', NULL, 1, '201011028460'),
(2326, 'oui', 'PRIMA', '2022-11-20', '84651/A', '22222', 1, '201011028460'),
(2327, '1', 'USURE', '2022-11-20', '5651/A', 'SSSSSSSSSS', 1, '201011011028'),
(2328, 'oui', 'PRIMA', '2022-11-20', '5241/D', 'DDDDDD', 1, '201012028460'),
(2329, 'oui', 'USURE', '2022-11-21', '72920/B', 'hsjsksks', 3, '20111'),
(2330, 'oui', 'PRIMA', '2022-11-21', '796/A', 'bbbbb', 3, '201011011011'),
(2331, 'oui', 'PERTE', '2022-11-21', '513/A', 'aucune', 3, '201011028460'),
(2332, 'oui', 'PERTE', '2022-05-20', '5241/D', 'ZZZZZ', 1, '201012028460'),
(2333, 'oui', 'PERTE', '2022-03-20', '5241/D', 'XXXXX', 1, '201012028460'),
(2334, 'oui', 'PERTE', '2022-03-20', '5241/D', 'BBBBBB', 1, '201012028460'),
(2335, 'oui', 'PERTE', '2022-03-10', '5241/D', 'KKKKK', 1, '201012028460'),
(2336, 'oui', 'PERTE', '2022-05-29', '5241/D', 'PPPPP', 2, '201012028460'),
(2337, 'oui', 'PERTE', '2022-05-18', '5241/D', 'JJJJJ', 2, '201012028460'),
(2338, 'oui', 'PERTE', '2022-05-14', '5241/D', 'FRRE', 1, '201012028460'),
(2339, 'oui', 'PRIMA', '2018-08-07', '2568/B', NULL, 1, '201011028460'),
(2340, 'oui', 'PRIMA', '2022-05-20', '84651/A', '22222', 1, '201011028460'),
(2341, '1', 'USURE', '2022-05-20', '5651/A', 'SSSSSSSSSS', 1, '201011011028'),
(2342, 'oui', 'PRIMA', '2022-05-20', '5241/D', 'DDDDDD', 1, '201012028460'),
(2343, 'oui', 'USURE', '2022-05-21', '72920/B', 'hsjsksks', 3, '20111'),
(2344, 'oui', 'PRIMA', '2022-05-21', '796/A', 'bbbbb', 3, '201011011011'),
(2345, 'oui', 'PERTE', '2022-05-21', '513/A', 'aucune', 3, '201011028460'),
(2346, 'oui', 'PERTE', '2022-05-20', '5241/D', 'ZZZZZ', 1, '201012028460'),
(2347, 'oui', 'PERTE', '2022-06-20', '5241/D', 'XXXXX', 1, '201012028460'),
(2348, 'oui', 'PERTE', '2022-06-20', '5241/D', 'BBBBBB', 1, '201012028460'),
(2349, 'oui', 'PERTE', '2022-06-10', '5241/D', 'KKKKK', 1, '201012028460'),
(2350, 'oui', 'PERTE', '2022-06-29', '5241/D', 'PPPPP', 2, '201012028460'),
(2351, 'oui', 'PERTE', '2022-06-18', '5241/D', 'JJJJJ', 2, '201012028460'),
(2352, 'oui', 'PERTE', '2022-09-14', '5241/D', 'FRRE', 1, '201012028460'),
(2353, 'oui', 'PRIMA', '2018-09-07', '2568/B', NULL, 1, '201011028460'),
(2354, 'oui', 'PRIMA', '2022-09-20', '84651/A', '22222', 1, '201011028460'),
(2355, '1', 'USURE', '2022-09-20', '5651/A', 'SSSSSSSSSS', 1, '201011011028'),
(2356, 'oui', 'PRIMA', '2022-09-20', '5241/D', 'DDDDDD', 1, '201012028460'),
(2357, 'oui', 'USURE', '2022-11-21', '72920/B', 'hsjsksks', 3, '20111'),
(2358, 'oui', 'PRIMA', '2022-11-21', '796/A', 'bbbbb', 3, '201011011011'),
(2359, 'oui', 'PERTE', '2022-11-21', '513/A', 'aucune', 3, '201011028460'),
(2360, 'oui', 'PERTE', '2022-06-20', '5241/D', 'ZZZZZ', 1, '201012028460'),
(2361, 'oui', 'PERTE', '2022-06-20', '5241/D', 'XXXXX', 1, '201012028460'),
(2362, 'oui', 'PERTE', '2022-06-20', '5241/D', 'BBBBBB', 1, '201012028460'),
(2363, 'oui', 'PERTE', '2022-01-10', '5241/D', 'KKKKK', 1, '201012028460'),
(2364, 'oui', 'PERTE', '2022-08-29', '5241/D', 'PPPPP', 2, '201012028460'),
(2365, 'oui', 'PERTE', '2022-01-18', '5241/D', 'JJJJJ', 2, '201012028460'),
(2366, 'oui', 'PERTE', '2022-08-14', '5241/D', 'FRRE', 1, '201012028460'),
(2367, 'oui', 'PRIMA', '2018-01-07', '2568/B', NULL, 1, '201011028460'),
(2368, 'oui', 'PRIMA', '2022-10-20', '84651/A', '22222', 1, '201011028460'),
(2369, '1', 'USURE', '2022-10-20', '5651/A', 'SSSSSSSSSS', 1, '201011011028'),
(2370, 'oui', 'PRIMA', '2022-10-20', '5241/D', 'DDDDDD', 1, '201012028460'),
(2371, 'oui', 'USURE', '2022-10-21', '72920/B', 'hsjsksks', 3, '20111'),
(2372, 'oui', 'PRIMA', '2022-10-21', '796/A', 'bbbbb', 3, '201011011011'),
(2373, 'oui', 'PERTE', '2022-10-21', '513/A', 'aucune', 3, '201011028460'),
(2374, 'oui', 'PERTE', '2022-01-20', '5241/D', 'ZZZZZ', 1, '201012028460'),
(2375, 'oui', 'PERTE', '2022-01-20', '5241/D', 'XXXXX', 1, '201012028460'),
(2376, 'oui', 'PERTE', '2022-02-20', '5241/D', 'BBBBBB', 1, '201012028460'),
(2377, 'oui', 'PERTE', '2022-02-10', '5241/D', 'KKKKK', 1, '201012028460'),
(2378, 'oui', 'PERTE', '2022-02-21', '5241/D', 'PPPPP', 2, '201012028460'),
(2379, 'oui', 'PERTE', '2022-02-18', '5241/D', 'JJJJJ', 2, '201012028460'),
(2380, 'oui', 'PERTE', '2022-02-14', '5241/D', 'FRRE', 1, '201012028460'),
(2381, 'oui', 'PRIMA', '2018-02-07', '2568/B', NULL, 1, '201011028460'),
(2382, 'oui', 'PRIMA', '2022-11-20', '84651/A', '22222', 1, '201011028460'),
(2383, '1', 'USURE', '2022-11-20', '5651/A', 'SSSSSSSSSS', 1, '201011011028'),
(2384, 'oui', 'PRIMA', '2022-11-20', '5241/D', 'DDDDDD', 1, '201012028460'),
(2385, 'oui', 'USURE', '2022-11-21', '72920/B', 'hsjsksks', 3, '20111'),
(2386, 'oui', 'PRIMA', '2022-11-21', '796/A', 'bbbbb', 3, '201011011011'),
(2387, 'oui', 'PERTE', '2022-11-21', '513/A', 'aucune', 3, '201011028460'),
(2388, 'oui', 'PERTE', '2022-05-20', '5241/D', 'ZZZZZ', 1, '201012028460'),
(2389, 'oui', 'PERTE', '2022-03-20', '5241/D', 'XXXXX', 1, '201012028460'),
(2390, 'oui', 'PERTE', '2022-03-20', '5241/D', 'BBBBBB', 1, '201012028460'),
(2391, 'oui', 'PERTE', '2022-03-10', '5241/D', 'KKKKK', 1, '201012028460'),
(2392, 'oui', 'PERTE', '2022-05-29', '5241/D', 'PPPPP', 2, '201012028460'),
(2393, 'oui', 'PERTE', '2022-05-18', '5241/D', 'JJJJJ', 2, '201012028460'),
(2394, 'oui', 'PERTE', '2022-05-14', '5241/D', 'FRRE', 1, '201012028460'),
(2395, 'oui', 'PRIMA', '2018-08-07', '2568/B', NULL, 1, '201011028460'),
(2396, 'oui', 'PRIMA', '2022-05-20', '84651/A', '22222', 1, '201011028460'),
(2397, '1', 'USURE', '2022-05-20', '5651/A', 'SSSSSSSSSS', 1, '201011011028'),
(2398, 'oui', 'PRIMA', '2022-05-20', '5241/D', 'DDDDDD', 1, '201012028460'),
(2399, 'oui', 'USURE', '2022-05-21', '72920/B', 'hsjsksks', 3, '20111'),
(2400, 'oui', 'PRIMA', '2022-05-21', '796/A', 'bbbbb', 3, '201011011011'),
(2401, 'oui', 'PERTE', '2022-05-21', '513/A', 'aucune', 3, '201011028460'),
(2402, 'oui', 'PERTE', '2022-05-20', '5241/D', 'ZZZZZ', 1, '201012028460'),
(2403, 'oui', 'PERTE', '2022-06-20', '5241/D', 'XXXXX', 1, '201012028460'),
(2404, 'oui', 'PERTE', '2022-06-20', '5241/D', 'BBBBBB', 1, '201012028460'),
(2405, 'oui', 'PERTE', '2022-06-10', '5241/D', 'KKKKK', 1, '201012028460'),
(2406, 'oui', 'PERTE', '2022-06-29', '5241/D', 'PPPPP', 2, '201012028460'),
(2407, 'oui', 'PERTE', '2022-06-18', '5241/D', 'JJJJJ', 2, '201012028460'),
(2408, 'oui', 'PERTE', '2022-09-14', '5241/D', 'FRRE', 1, '201012028460'),
(2409, 'oui', 'PRIMA', '2018-09-07', '2568/B', NULL, 1, '201011028460'),
(2410, 'oui', 'PRIMA', '2022-09-20', '84651/A', '22222', 1, '201011028460'),
(2411, '1', 'USURE', '2022-09-20', '5651/A', 'SSSSSSSSSS', 1, '201011011028'),
(2412, 'oui', 'PRIMA', '2022-09-20', '5241/D', 'DDDDDD', 1, '201012028460'),
(2413, 'oui', 'USURE', '2022-11-21', '72920/B', 'hsjsksks', 3, '20111'),
(2414, 'oui', 'PRIMA', '2022-11-21', '796/A', 'bbbbb', 3, '201011011011'),
(2415, 'oui', 'PERTE', '2022-11-21', '513/A', 'aucune', 3, '201011028460'),
(2416, 'oui', 'PERTE', '2022-06-20', '5241/D', 'ZZZZZ', 1, '201012028460'),
(2417, 'oui', 'PERTE', '2022-06-20', '5241/D', 'XXXXX', 1, '201012028460'),
(2418, 'oui', 'PERTE', '2022-06-20', '5241/D', 'BBBBBB', 1, '201012028460'),
(2419, 'oui', 'PERTE', '2022-01-10', '5241/D', 'KKKKK', 1, '201012028460'),
(2420, 'oui', 'PERTE', '2022-08-29', '5241/D', 'PPPPP', 2, '201012028460'),
(2421, 'oui', 'PERTE', '2022-01-18', '5241/D', 'JJJJJ', 2, '201012028460'),
(2422, 'oui', 'PERTE', '2022-08-14', '5241/D', 'FRRE', 1, '201012028460'),
(2423, 'oui', 'PRIMA', '2018-01-07', '2568/B', NULL, 1, '201011028460'),
(2424, 'oui', 'PRIMA', '2022-10-20', '84651/A', '22222', 1, '201011028460'),
(2425, '1', 'USURE', '2022-10-20', '5651/A', 'SSSSSSSSSS', 1, '201011011028'),
(2426, 'oui', 'PRIMA', '2022-10-20', '5241/D', 'DDDDDD', 1, '201012028460'),
(2427, 'oui', 'USURE', '2022-10-21', '72920/B', 'hsjsksks', 3, '20111'),
(2428, 'oui', 'PRIMA', '2022-10-21', '796/A', 'bbbbb', 3, '201011011011'),
(2429, 'oui', 'PERTE', '2022-10-21', '513/A', 'aucune', 3, '201011028460'),
(2430, 'oui', 'PERTE', '2022-01-20', '5241/D', 'ZZZZZ', 1, '201012028460'),
(2431, 'oui', 'PERTE', '2022-01-20', '5241/D', 'XXXXX', 1, '201012028460'),
(2432, 'oui', 'PERTE', '2022-02-20', '5241/D', 'BBBBBB', 1, '201012028460'),
(2433, 'oui', 'PERTE', '2022-02-10', '5241/D', 'KKKKK', 1, '201012028460'),
(2434, 'oui', 'PERTE', '2022-02-21', '5241/D', 'PPPPP', 2, '201012028460'),
(2435, 'oui', 'PERTE', '2022-02-18', '5241/D', 'JJJJJ', 2, '201012028460'),
(2436, 'oui', 'PERTE', '2022-02-14', '5241/D', 'FRRE', 1, '201012028460'),
(2437, 'oui', 'PRIMA', '2018-02-07', '2568/B', NULL, 1, '201011028460'),
(2438, 'oui', 'PRIMA', '2022-11-20', '84651/A', '22222', 1, '201011028460'),
(2439, '1', 'USURE', '2022-11-20', '5651/A', 'SSSSSSSSSS', 1, '201011011028'),
(2440, 'oui', 'PRIMA', '2022-11-20', '5241/D', 'DDDDDD', 1, '201012028460'),
(2441, 'oui', 'USURE', '2022-11-21', '72920/B', 'hsjsksks', 3, '20111'),
(2442, 'oui', 'PRIMA', '2022-11-21', '796/A', 'bbbbb', 3, '201011011011'),
(2443, 'oui', 'PERTE', '2022-11-21', '513/A', 'aucune', 3, '201011028460'),
(2444, 'oui', 'PERTE', '2022-05-20', '5241/D', 'ZZZZZ', 1, '201012028460'),
(2445, 'oui', 'PERTE', '2022-03-20', '5241/D', 'XXXXX', 1, '201012028460'),
(2446, 'oui', 'PERTE', '2022-03-20', '5241/D', 'BBBBBB', 1, '201012028460'),
(2447, 'oui', 'PERTE', '2022-03-10', '5241/D', 'KKKKK', 1, '201012028460'),
(2448, 'oui', 'PERTE', '2022-05-29', '5241/D', 'PPPPP', 2, '201012028460'),
(2449, 'oui', 'PERTE', '2022-05-18', '5241/D', 'JJJJJ', 2, '201012028460'),
(2450, 'oui', 'PERTE', '2022-05-14', '5241/D', 'FRRE', 1, '201012028460'),
(2451, 'oui', 'PRIMA', '2018-08-07', '2568/B', NULL, 1, '201011028460'),
(2452, 'oui', 'PRIMA', '2022-05-20', '84651/A', '22222', 1, '201011028460'),
(2453, '1', 'USURE', '2022-05-20', '5651/A', 'SSSSSSSSSS', 1, '201011011028'),
(2454, 'oui', 'PRIMA', '2022-05-20', '5241/D', 'DDDDDD', 1, '201012028460'),
(2455, 'oui', 'USURE', '2022-05-21', '72920/B', 'hsjsksks', 3, '20111'),
(2456, 'oui', 'PRIMA', '2022-05-21', '796/A', 'bbbbb', 3, '201011011011'),
(2457, 'oui', 'PERTE', '2022-05-21', '513/A', 'aucune', 3, '201011028460'),
(2458, 'oui', 'PERTE', '2022-05-20', '5241/D', 'ZZZZZ', 1, '201012028460'),
(2459, 'oui', 'PERTE', '2022-06-20', '5241/D', 'XXXXX', 1, '201012028460'),
(2460, 'oui', 'PERTE', '2022-06-20', '5241/D', 'BBBBBB', 1, '201012028460'),
(2461, 'oui', 'PERTE', '2022-06-10', '5241/D', 'KKKKK', 1, '201012028460'),
(2462, 'oui', 'PERTE', '2022-06-29', '5241/D', 'PPPPP', 2, '201012028460'),
(2463, 'oui', 'PERTE', '2022-06-18', '5241/D', 'JJJJJ', 2, '201012028460'),
(2464, 'oui', 'PERTE', '2022-09-14', '5241/D', 'FRRE', 1, '201012028460'),
(2465, 'oui', 'PRIMA', '2018-09-07', '2568/B', NULL, 1, '201011028460'),
(2466, 'oui', 'PRIMA', '2022-09-20', '84651/A', '22222', 1, '201011028460'),
(2467, '1', 'USURE', '2022-09-20', '5651/A', 'SSSSSSSSSS', 1, '201011011028'),
(2468, 'oui', 'PRIMA', '2022-09-20', '5241/D', 'DDDDDD', 1, '201012028460'),
(2469, 'oui', 'USURE', '2022-11-21', '72920/B', 'hsjsksks', 3, '20111'),
(2470, 'oui', 'PRIMA', '2022-11-21', '796/A', 'bbbbb', 3, '201011011011'),
(2471, 'oui', 'PERTE', '2022-11-21', '513/A', 'aucune', 3, '201011028460'),
(2472, 'oui', 'PERTE', '2022-06-20', '5241/D', 'ZZZZZ', 1, '201012028460'),
(2473, 'oui', 'PERTE', '2022-06-20', '5241/D', 'XXXXX', 1, '201012028460'),
(2474, 'oui', 'PERTE', '2022-06-20', '5241/D', 'BBBBBB', 1, '201012028460'),
(2475, 'oui', 'PERTE', '2022-01-10', '5241/D', 'KKKKK', 1, '201012028460'),
(2476, 'oui', 'PERTE', '2022-08-29', '5241/D', 'PPPPP', 2, '201012028460'),
(2477, 'oui', 'PERTE', '2022-01-18', '5241/D', 'JJJJJ', 2, '201012028460'),
(2478, 'oui', 'PERTE', '2022-08-14', '5241/D', 'FRRE', 1, '201012028460'),
(2479, 'oui', 'PRIMA', '2018-01-07', '2568/B', NULL, 1, '201011028460'),
(2480, 'oui', 'PRIMA', '2022-10-20', '84651/A', '22222', 1, '201011028460'),
(2481, '1', 'USURE', '2022-10-20', '5651/A', 'SSSSSSSSSS', 1, '201011011028'),
(2482, 'oui', 'PRIMA', '2022-10-20', '5241/D', 'DDDDDD', 1, '201012028460'),
(2483, 'oui', 'USURE', '2022-10-21', '72920/B', 'hsjsksks', 3, '20111'),
(2484, 'oui', 'PRIMA', '2022-10-21', '796/A', 'bbbbb', 3, '201011011011'),
(2485, 'oui', 'PERTE', '2022-10-21', '513/A', 'aucune', 3, '201011028460'),
(2486, 'oui', 'PERTE', '2022-01-20', '5241/D', 'ZZZZZ', 1, '201012028460'),
(2487, 'oui', 'PERTE', '2022-01-20', '5241/D', 'XXXXX', 1, '201012028460'),
(2488, 'oui', 'PERTE', '2022-02-20', '5241/D', 'BBBBBB', 1, '201012028460'),
(2489, 'oui', 'PERTE', '2022-02-10', '5241/D', 'KKKKK', 1, '201012028460'),
(2490, 'oui', 'PERTE', '2022-02-21', '5241/D', 'PPPPP', 2, '201012028460'),
(2491, 'oui', 'PERTE', '2022-02-18', '5241/D', 'JJJJJ', 2, '201012028460'),
(2492, 'oui', 'PERTE', '2022-02-14', '5241/D', 'FRRE', 1, '201012028460'),
(2493, 'oui', 'PRIMA', '2018-02-07', '2568/B', NULL, 1, '201011028460'),
(2494, 'oui', 'PRIMA', '2022-11-20', '84651/A', '22222', 1, '201011028460'),
(2495, '1', 'USURE', '2022-11-20', '5651/A', 'SSSSSSSSSS', 1, '201011011028'),
(2496, 'oui', 'PRIMA', '2022-11-20', '5241/D', 'DDDDDD', 1, '201012028460'),
(2497, 'oui', 'USURE', '2022-11-21', '72920/B', 'hsjsksks', 3, '20111'),
(2498, 'oui', 'PRIMA', '2022-11-21', '796/A', 'bbbbb', 3, '201011011011'),
(2499, 'oui', 'PERTE', '2022-11-21', '513/A', 'aucune', 3, '201011028460'),
(2500, 'oui', 'PERTE', '2022-05-20', '5241/D', 'ZZZZZ', 1, '201012028460'),
(2501, 'oui', 'PERTE', '2022-03-20', '5241/D', 'XXXXX', 1, '201012028460'),
(2502, 'oui', 'PERTE', '2022-03-20', '5241/D', 'BBBBBB', 1, '201012028460'),
(2503, 'oui', 'PERTE', '2022-03-10', '5241/D', 'KKKKK', 1, '201012028460'),
(2504, 'oui', 'PERTE', '2022-05-29', '5241/D', 'PPPPP', 2, '201012028460'),
(2505, 'oui', 'PERTE', '2022-05-18', '5241/D', 'JJJJJ', 2, '201012028460'),
(2506, 'oui', 'PERTE', '2022-05-14', '5241/D', 'FRRE', 1, '201012028460'),
(2507, 'oui', 'PRIMA', '2018-08-07', '2568/B', NULL, 1, '201011028460'),
(2508, 'oui', 'PRIMA', '2022-05-20', '84651/A', '22222', 1, '201011028460'),
(2509, '1', 'USURE', '2022-05-20', '5651/A', 'SSSSSSSSSS', 1, '201011011028'),
(2510, 'oui', 'PRIMA', '2022-05-20', '5241/D', 'DDDDDD', 1, '201012028460'),
(2511, 'oui', 'USURE', '2022-05-21', '72920/B', 'hsjsksks', 3, '20111'),
(2512, 'oui', 'PRIMA', '2022-05-21', '796/A', 'bbbbb', 3, '201011011011'),
(2513, 'oui', 'PERTE', '2022-05-21', '513/A', 'aucune', 3, '201011028460'),
(2514, 'oui', 'PERTE', '2022-05-20', '5241/D', 'ZZZZZ', 1, '201012028460'),
(2515, 'oui', 'PERTE', '2022-06-20', '5241/D', 'XXXXX', 1, '201012028460'),
(2516, 'oui', 'PERTE', '2022-06-20', '5241/D', 'BBBBBB', 1, '201012028460'),
(2517, 'oui', 'PERTE', '2022-06-10', '5241/D', 'KKKKK', 1, '201012028460'),
(2518, 'oui', 'PERTE', '2022-06-29', '5241/D', 'PPPPP', 2, '201012028460'),
(2519, 'oui', 'PERTE', '2022-06-18', '5241/D', 'JJJJJ', 2, '201012028460'),
(2520, 'oui', 'PERTE', '2022-09-14', '5241/D', 'FRRE', 1, '201012028460'),
(2521, 'oui', 'PRIMA', '2018-09-07', '2568/B', NULL, 1, '201011028460'),
(2522, 'oui', 'PRIMA', '2022-09-20', '84651/A', '22222', 1, '201011028460'),
(2523, '1', 'USURE', '2022-09-20', '5651/A', 'SSSSSSSSSS', 1, '201011011028'),
(2524, 'oui', 'PRIMA', '2022-09-20', '5241/D', 'DDDDDD', 1, '201012028460'),
(2525, 'oui', 'USURE', '2022-11-21', '72920/B', 'hsjsksks', 3, '20111'),
(2526, 'oui', 'PRIMA', '2022-11-21', '796/A', 'bbbbb', 3, '201011011011'),
(2527, 'oui', 'PERTE', '2022-11-21', '513/A', 'aucune', 3, '201011028460'),
(2528, 'oui', 'PERTE', '2022-06-20', '5241/D', 'ZZZZZ', 1, '201012028460'),
(2529, 'oui', 'PERTE', '2022-06-20', '5241/D', 'XXXXX', 1, '201012028460'),
(2530, 'oui', 'PERTE', '2022-06-20', '5241/D', 'BBBBBB', 1, '201012028460'),
(2531, 'oui', 'PERTE', '2022-01-10', '5241/D', 'KKKKK', 1, '201012028460'),
(2532, 'oui', 'PERTE', '2022-08-29', '5241/D', 'PPPPP', 2, '201012028460'),
(2533, 'oui', 'PERTE', '2022-01-18', '5241/D', 'JJJJJ', 2, '201012028460'),
(2534, 'oui', 'PERTE', '2022-08-14', '5241/D', 'FRRE', 1, '201012028460'),
(2535, 'oui', 'PRIMA', '2018-01-07', '2568/B', NULL, 1, '201011028460'),
(2536, 'oui', 'PRIMA', '2022-10-20', '84651/A', '22222', 1, '201011028460'),
(2537, '1', 'USURE', '2022-10-20', '5651/A', 'SSSSSSSSSS', 1, '201011011028'),
(2538, 'oui', 'PRIMA', '2022-10-20', '5241/D', 'DDDDDD', 1, '201012028460'),
(2539, 'oui', 'USURE', '2022-10-21', '72920/B', 'hsjsksks', 3, '20111'),
(2540, 'oui', 'PRIMA', '2022-10-21', '796/A', 'bbbbb', 3, '201011011011'),
(2541, 'oui', 'PERTE', '2022-10-21', '513/A', 'aucune', 3, '201011028460'),
(2542, 'oui', 'PERTE', '2022-01-20', '5241/D', 'ZZZZZ', 1, '201012028460'),
(2543, 'oui', 'PERTE', '2022-01-20', '5241/D', 'XXXXX', 1, '201012028460'),
(2544, 'oui', 'PERTE', '2022-02-20', '5241/D', 'BBBBBB', 1, '201012028460'),
(2545, 'oui', 'PERTE', '2022-02-10', '5241/D', 'KKKKK', 1, '201012028460'),
(2546, 'oui', 'PERTE', '2022-02-21', '5241/D', 'PPPPP', 2, '201012028460'),
(2547, 'oui', 'PERTE', '2022-02-18', '5241/D', 'JJJJJ', 2, '201012028460'),
(2548, 'oui', 'PERTE', '2022-02-14', '5241/D', 'FRRE', 1, '201012028460'),
(2549, 'oui', 'PRIMA', '2018-02-07', '2568/B', NULL, 1, '201011028460'),
(2550, 'oui', 'PRIMA', '2022-11-20', '84651/A', '22222', 1, '201011028460'),
(2551, '1', 'USURE', '2022-11-20', '5651/A', 'SSSSSSSSSS', 1, '201011011028'),
(2552, 'oui', 'PRIMA', '2022-11-20', '5241/D', 'DDDDDD', 1, '201012028460'),
(2553, 'oui', 'USURE', '2022-11-21', '72920/B', 'hsjsksks', 3, '20111'),
(2554, 'oui', 'PRIMA', '2022-11-21', '796/A', 'bbbbb', 3, '201011011011'),
(2555, 'oui', 'PERTE', '2022-11-21', '513/A', 'aucune', 3, '201011028460'),
(2556, 'oui', 'PERTE', '2022-05-20', '5241/D', 'ZZZZZ', 1, '201012028460'),
(2557, 'oui', 'PERTE', '2022-03-20', '5241/D', 'XXXXX', 1, '201012028460'),
(2558, 'oui', 'PERTE', '2022-03-20', '5241/D', 'BBBBBB', 1, '201012028460'),
(2559, 'oui', 'PERTE', '2022-03-10', '5241/D', 'KKKKK', 1, '201012028460'),
(2560, 'oui', 'PERTE', '2022-05-29', '5241/D', 'PPPPP', 2, '201012028460'),
(2561, 'oui', 'PERTE', '2022-05-18', '5241/D', 'JJJJJ', 2, '201012028460'),
(2562, 'oui', 'PERTE', '2022-05-14', '5241/D', 'FRRE', 1, '201012028460'),
(2563, 'oui', 'USURE', '2018-08-07', '2568/B', NULL, 1, '201011028460'),
(2564, 'oui', 'USURE', '2022-05-20', '84651/A', '22222', 1, '201011028460'),
(2565, '1', 'USURE', '2022-05-20', '5651/A', 'SSSSSSSSSS', 1, '201011011028'),
(2566, 'oui', 'USURE', '2022-05-20', '5241/D', 'DDDDDD', 1, '201012028460'),
(2567, 'oui', 'USURE', '2022-05-21', '72920/B', 'hsjsksks', 3, '20111'),
(2568, 'oui', 'USURE', '2022-05-21', '796/A', 'bbbbb', 3, '201011011011'),
(2569, 'oui', 'PRIMA', '2022-05-21', '513/A', 'aucune', 3, '201011028460'),
(2570, 'oui', 'PRIMA', '2022-05-20', '5241/D', 'ZZZZZ', 1, '201012028460'),
(2571, 'oui', 'PERTE', '2022-06-20', '5241/D', 'XXXXX', 1, '201012028460'),
(2572, 'oui', 'PERTE', '2022-06-20', '5241/D', 'BBBBBB', 1, '201012028460'),
(2573, 'oui', 'PERTE', '2022-06-10', '5241/D', 'KKKKK', 1, '201012028460'),
(2574, 'oui', 'PERTE', '2022-06-29', '5241/D', 'PPPPP', 2, '201012028460'),
(2575, 'oui', 'PERTE', '2022-06-18', '5241/D', 'JJJJJ', 2, '201012028460'),
(2576, 'oui', 'PERTE', '2022-09-14', '5241/D', 'FRRE', 1, '201012028460'),
(2577, 'oui', 'USURE', '2018-09-07', '2568/B', NULL, 1, '201011028460'),
(2578, 'oui', 'PRIMA', '2022-09-20', '84651/A', '22222', 1, '201011028460'),
(2579, '1', 'USURE', '2022-09-20', '5651/A', 'SSSSSSSSSS', 1, '201011011028'),
(2580, 'oui', 'PRIMA', '2022-09-20', '5241/D', 'DDDDDD', 1, '201012028460'),
(2581, 'oui', 'USURE', '2022-11-21', '72920/B', 'hsjsksks', 3, '20111'),
(2582, 'oui', 'PRIMA', '2022-11-21', '796/A', 'bbbbb', 3, '201011011011'),
(2583, 'oui', 'PRIMA', '2022-11-21', '513/A', 'aucune', 3, '201011028460'),
(2584, 'oui', 'PRIMA', '2022-06-20', '5241/D', 'ZZZZZ', 1, '201012028460'),
(2585, 'oui', 'PRIMA', '2022-06-20', '5241/D', 'XXXXX', 1, '201012028460'),
(2586, 'oui', 'PRIMA', '2022-06-20', '5241/D', 'BBBBBB', 1, '201012028460'),
(2587, 'oui', 'PRIMA', '2022-01-10', '5241/D', 'KKKKK', 1, '201012028460'),
(2588, 'oui', 'PERTE', '2022-08-29', '5241/D', 'PPPPP', 2, '201012028460'),
(2589, 'oui', 'PERTE', '2022-01-18', '5241/D', 'JJJJJ', 2, '201012028460'),
(2590, 'oui', 'PERTE', '2022-08-14', '5241/D', 'FRRE', 1, '201012028460'),
(2591, 'oui', 'PRIMA', '2018-01-07', '2568/B', NULL, 1, '201011028460'),
(2592, 'oui', 'PRIMA', '2022-10-20', '84651/A', '22222', 1, '201011028460'),
(2593, '1', 'USURE', '2022-10-20', '5651/A', 'SSSSSSSSSS', 1, '201011011028'),
(2594, 'oui', 'PRIMA', '2022-10-20', '5241/D', 'DDDDDD', 1, '201012028460'),
(2595, 'oui', 'USURE', '2022-10-21', '72920/B', 'hsjsksks', 3, '20111'),
(2596, 'oui', 'PRIMA', '2022-10-21', '796/A', 'bbbbb', 3, '201011011011'),
(2597, 'oui', 'PERTE', '2022-10-21', '513/A', 'aucune', 3, '201011028460'),
(2598, 'oui', 'USURE', '2022-01-20', '5241/D', 'ZZZZZ', 1, '201012028460'),
(2599, 'oui', 'USURE', '2022-01-20', '5241/D', 'XXXXX', 1, '201012028460'),
(2600, 'oui', 'USURE', '2022-02-20', '5241/D', 'BBBBBB', 1, '201012028460'),
(2601, 'oui', 'USURE', '2022-02-10', '5241/D', 'KKKKK', 1, '201012028460'),
(2602, 'oui', 'USURE', '2022-02-21', '5241/D', 'PPPPP', 2, '201012028460'),
(2603, 'oui', 'USURE', '2022-02-18', '5241/D', 'JJJJJ', 2, '201012028460'),
(2604, 'oui', 'USURE', '2022-02-14', '5241/D', 'FRRE', 1, '201012028460'),
(2605, 'oui', 'PRIMA', '2018-02-07', '2568/B', NULL, 1, '201011028460'),
(2606, 'oui', 'PRIMA', '2022-11-20', '84651/A', '22222', 1, '201011028460'),
(2607, '1', 'USURE', '2022-11-20', '5651/A', 'SSSSSSSSSS', 1, '201011011028'),
(2608, 'oui', 'PRIMA', '2022-11-20', '5241/D', 'DDDDDD', 1, '201012028460'),
(2609, 'oui', 'USURE', '2022-11-21', '72920/B', 'hsjsksks', 3, '20111'),
(2610, 'oui', 'PRIMA', '2022-11-21', '796/A', 'bbbbb', 3, '201011011011'),
(2611, 'oui', 'USURE', '2022-11-21', '513/A', 'aucune', 3, '201011028460'),
(2612, 'oui', 'USURE', '2022-05-20', '5241/D', 'ZZZZZ', 1, '201012028460'),
(2613, 'oui', 'USURE', '2022-03-20', '5241/D', 'XXXXX', 1, '201012028460'),
(2614, 'oui', 'USURE', '2022-03-20', '5241/D', 'BBBBBB', 1, '201012028460'),
(2615, 'oui', 'USURE', '2022-03-10', '5241/D', 'KKKKK', 1, '201012028460'),
(2616, 'oui', 'USURE', '2022-05-29', '5241/D', 'PPPPP', 2, '201012028460'),
(2617, 'oui', 'PERTE', '2022-05-18', '5241/D', 'JJJJJ', 2, '201012028460'),
(2618, 'oui', 'PERTE', '2022-05-14', '5241/D', 'FRRE', 1, '201012028460'),
(2619, '1', 'USURE', '2022-04-20', '5651/A', 'SSSSSSSSSS', 1, '201011011028'),
(2620, 'oui', 'PRIMA', '2022-04-20', '5241/D', 'DDDDDD', 1, '201012028460'),
(2621, 'oui', 'USURE', '2022-04-21', '72920/B', 'hsjsksks', 3, '20111'),
(2622, 'oui', 'PRIMA', '2022-05-21', '796/A', 'bbbbb', 3, '201011011011'),
(2623, 'oui', 'PRIMA', '2022-04-21', '513/A', 'aucune', 3, '201011028460'),
(2624, 'oui', 'PRIMA', '2022-05-20', '5241/D', 'ZZZZZ', 1, '201012028460'),
(2625, 'oui', 'PRIMA', '2022-06-20', '5241/D', 'XXXXX', 1, '201012028460'),
(2626, 'oui', 'PRIMA', '2022-06-20', '5241/D', 'BBBBBB', 1, '201012028460'),
(2627, 'oui', 'PRIMA', '2022-04-10', '5241/D', 'KKKKK', 1, '201012028460'),
(2628, 'oui', 'USURE', '2022-06-29', '5241/D', 'PPPPP', 2, '201012028460'),
(2629, 'oui', 'USURE', '2022-04-18', '5241/D', 'JJJJJ', 2, '201012028460'),
(2630, 'oui', 'USURE', '2022-04-14', '5241/D', 'FRRE', 1, '201012028460'),
(2631, 'oui', 'PRIMA', '2018-09-07', '2568/B', NULL, 1, '201011028460'),
(2632, 'oui', 'PRIMA', '2022-04-20', '84651/A', '22222', 1, '201011028460'),
(2633, '1', 'USURE', '2022-04-20', '5651/A', 'SSSSSSSSSS', 1, '201011011028'),
(2634, 'oui', 'PRIMA', '2022-04-20', '5241/D', 'DDDDDD', 1, '201012028460'),
(2635, 'oui', 'USURE', '2022-11-21', '72920/B', 'hsjsksks', 3, '20111'),
(2636, 'oui', 'PRIMA', '2022-11-21', '796/A', 'bbbbb', 3, '201011011011'),
(2637, 'oui', 'USURE', '2022-11-21', '513/A', 'aucune', 3, '201011028460'),
(2638, 'oui', 'USURE', '2022-04-20', '5241/D', 'ZZZZZ', 1, '201012028460'),
(2639, 'oui', 'USURE', '2022-06-20', '5241/D', 'XXXXX', 1, '201012028460'),
(2640, 'oui', 'USURE', '2022-04-20', '5241/D', 'BBBBBB', 1, '201012028460'),
(2641, 'oui', 'USURE', '2022-04-10', '5241/D', 'KKKKK', 1, '201012028460'),
(2642, 'oui', 'PRIMA', '2022-04-29', '5241/D', 'PPPPP', 2, '201012028460'),
(2643, 'oui', 'PERTE', '2022-01-18', '5241/D', 'JJJJJ', 2, '201012028460'),
(2644, 'oui', 'PERTE', '2022-04-14', '5241/D', 'FRRE', 1, '201012028460'),
(2645, 'oui', 'USURE', '2018-04-07', '2568/B', NULL, 1, '201011028460'),
(2646, 'oui', 'USURE', '2022-10-20', '84651/A', '22222', 1, '201011028460'),
(2647, '1', 'USURE', '2022-10-20', '5651/A', 'SSSSSSSSSS', 1, '201011011028'),
(2648, 'oui', 'USURE', '2022-10-20', '5241/D', 'DDDDDD', 1, '201012028460'),
(2649, 'oui', 'USURE', '2022-10-21', '72920/B', 'hsjsksks', 3, '20111'),
(2650, 'oui', 'PRIMA', '2022-10-21', '796/A', 'bbbbb', 3, '201011011011'),
(2651, 'oui', 'PERTE', '2022-10-21', '513/A', 'aucune', 3, '201011028460'),
(2652, 'oui', 'PERTE', '2022-04-20', '5241/D', 'ZZZZZ', 1, '201012028460'),
(2653, 'oui', 'PERTE', '2022-04-20', '5241/D', 'XXXXX', 1, '201012028460'),
(2654, 'oui', 'PERTE', '2022-04-20', '5241/D', 'BBBBBB', 1, '201012028460'),
(2655, 'oui', 'PERTE', '2022-02-10', '5241/D', 'KKKKK', 1, '201012028460'),
(2656, 'oui', 'PERTE', '2022-04-21', '5241/D', 'PPPPP', 2, '201012028460'),
(2657, 'oui', 'PRIMA', '2022-02-18', '5241/D', 'JJJJJ', 2, '201012028460'),
(2658, 'oui', 'PRIMA', '2022-02-14', '5241/D', 'FRRE', 1, '201012028460'),
(2659, 'oui', 'PRIMA', '2018-04-07', '2568/B', NULL, 1, '201011028460'),
(2660, 'oui', 'PRIMA', '2022-02-20', '84651/A', '22222', 1, '201011028460'),
(2661, '1', 'USURE', '2022-02-20', '5651/A', 'SSSSSSSSSS', 1, '201011011028'),
(2662, 'oui', 'PRIMA', '2022-11-20', '5241/D', 'DDDDDD', 1, '201012028460'),
(2663, 'oui', 'USURE', '2022-11-21', '72920/B', 'hsjsksks', 3, '20111'),
(2664, 'oui', 'PRIMA', '2022-02-21', '796/A', 'bbbbb', 3, '201011011011'),
(2665, 'oui', 'PRIMA', '2022-02-21', '513/A', 'aucune', 3, '201011028460'),
(2666, 'oui', 'PRIMA', '2022-04-20', '5241/D', 'ZZZZZ', 1, '201012028460'),
(2667, 'oui', 'PRIMA', '2022-03-20', '5241/D', 'XXXXX', 1, '201012028460'),
(2668, 'oui', 'PRIMA', '2022-04-20', '5241/D', 'BBBBBB', 1, '201012028460'),
(2669, 'oui', 'PRIMA', '2022-03-10', '5241/D', 'KKKKK', 1, '201012028460'),
(2670, 'oui', 'PRIMA', '2022-05-29', '5241/D', 'PPPPP', 2, '201012028460'),
(2671, 'oui', 'PRIMA', '2022-05-18', '5241/D', 'JJJJJ', 2, '201012028460'),
(2672, 'oui', 'USURE', '2018-08-07', '2568/B', NULL, 1, '201011028460'),
(2673, 'oui', 'USURE', '2022-05-20', '84651/A', '22222', 1, '201011028460'),
(2674, '1', 'USURE', '2022-05-20', '5651/A', 'SSSSSSSSSS', 1, '201011011028'),
(2675, 'oui', 'USURE', '2022-05-20', '5241/D', 'DDDDDD', 1, '201012028460'),
(2676, 'oui', 'USURE', '2022-05-21', '72920/B', 'hsjsksks', 3, '20111'),
(2677, 'oui', 'USURE', '2022-05-21', '796/A', 'bbbbb', 3, '201011011011'),
(2678, 'oui', 'PRIMA', '2022-05-21', '513/A', 'aucune', 3, '201011028460'),
(2679, 'oui', 'PRIMA', '2022-05-20', '5241/D', 'ZZZZZ', 1, '201012028460'),
(2680, 'oui', 'PERTE', '2022-06-20', '5241/D', 'XXXXX', 1, '201012028460'),
(2681, 'oui', 'PERTE', '2022-06-20', '5241/D', 'BBBBBB', 1, '201012028460'),
(2682, 'oui', 'PERTE', '2022-06-10', '5241/D', 'KKKKK', 1, '201012028460'),
(2683, 'oui', 'PERTE', '2022-06-29', '5241/D', 'PPPPP', 2, '201012028460'),
(2684, 'oui', 'PERTE', '2022-06-18', '5241/D', 'JJJJJ', 2, '201012028460'),
(2685, 'oui', 'PERTE', '2022-09-14', '5241/D', 'FRRE', 1, '201012028460'),
(2686, 'oui', 'USURE', '2018-09-07', '2568/B', NULL, 1, '201011028460'),
(2687, 'oui', 'PRIMA', '2022-09-20', '84651/A', '22222', 1, '201011028460'),
(2688, '1', 'USURE', '2022-09-20', '5651/A', 'SSSSSSSSSS', 1, '201011011028'),
(2689, 'oui', 'PRIMA', '2022-09-20', '5241/D', 'DDDDDD', 1, '201012028460'),
(2690, 'oui', 'USURE', '2022-11-21', '72920/B', 'hsjsksks', 3, '20111'),
(2691, 'oui', 'PRIMA', '2022-11-21', '796/A', 'bbbbb', 3, '201011011011'),
(2692, 'oui', 'PRIMA', '2022-11-21', '513/A', 'aucune', 3, '201011028460'),
(2693, 'oui', 'PRIMA', '2022-06-20', '5241/D', 'ZZZZZ', 1, '201012028460'),
(2694, 'oui', 'PRIMA', '2022-06-20', '5241/D', 'XXXXX', 1, '201012028460'),
(2695, 'oui', 'PRIMA', '2022-06-20', '5241/D', 'BBBBBB', 1, '201012028460'),
(2696, 'oui', 'PRIMA', '2022-01-10', '5241/D', 'KKKKK', 1, '201012028460'),
(2697, 'oui', 'PERTE', '2022-08-29', '5241/D', 'PPPPP', 2, '201012028460'),
(2698, 'oui', 'PERTE', '2022-01-18', '5241/D', 'JJJJJ', 2, '201012028460'),
(2699, 'oui', 'PERTE', '2022-08-14', '5241/D', 'FRRE', 1, '201012028460'),
(2700, 'oui', 'PRIMA', '2018-01-07', '2568/B', NULL, 1, '201011028460'),
(2701, 'oui', 'PRIMA', '2022-10-20', '84651/A', '22222', 1, '201011028460'),
(2702, '1', 'USURE', '2022-10-20', '5651/A', 'SSSSSSSSSS', 1, '201011011028'),
(2703, 'oui', 'PRIMA', '2022-10-20', '5241/D', 'DDDDDD', 1, '201012028460'),
(2704, 'oui', 'USURE', '2022-10-21', '72920/B', 'hsjsksks', 3, '20111'),
(2705, 'oui', 'PRIMA', '2022-10-21', '796/A', 'bbbbb', 3, '201011011011'),
(2706, 'oui', 'PERTE', '2022-10-21', '513/A', 'aucune', 3, '201011028460'),
(2707, 'oui', 'USURE', '2022-01-20', '5241/D', 'ZZZZZ', 1, '201012028460'),
(2708, 'oui', 'USURE', '2022-01-20', '5241/D', 'XXXXX', 1, '201012028460'),
(2709, 'oui', 'USURE', '2022-02-20', '5241/D', 'BBBBBB', 1, '201012028460'),
(2710, 'oui', 'USURE', '2022-02-10', '5241/D', 'KKKKK', 1, '201012028460'),
(2711, 'oui', 'USURE', '2022-02-21', '5241/D', 'PPPPP', 2, '201012028460'),
(2712, 'oui', 'USURE', '2022-02-18', '5241/D', 'JJJJJ', 2, '201012028460'),
(2713, 'oui', 'USURE', '2022-02-14', '5241/D', 'FRRE', 1, '201012028460'),
(2714, 'oui', 'PRIMA', '2018-02-07', '2568/B', NULL, 1, '201011028460'),
(2715, 'oui', 'PRIMA', '2022-11-20', '84651/A', '22222', 1, '201011028460'),
(2716, '1', 'USURE', '2022-11-20', '5651/A', 'SSSSSSSSSS', 1, '201011011028'),
(2717, 'oui', 'PRIMA', '2022-11-20', '5241/D', 'DDDDDD', 1, '201012028460'),
(2718, 'oui', 'USURE', '2022-11-21', '72920/B', 'hsjsksks', 3, '20111'),
(2719, 'oui', 'PRIMA', '2022-11-21', '796/A', 'bbbbb', 3, '201011011011'),
(2720, 'oui', 'USURE', '2022-11-21', '513/A', 'aucune', 3, '201011028460'),
(2721, 'oui', 'USURE', '2022-05-20', '5241/D', 'ZZZZZ', 1, '201012028460'),
(2722, 'oui', 'USURE', '2022-03-20', '5241/D', 'XXXXX', 1, '201012028460'),
(2723, 'oui', 'USURE', '2022-03-20', '5241/D', 'BBBBBB', 1, '201012028460'),
(2724, 'oui', 'USURE', '2022-03-10', '5241/D', 'KKKKK', 1, '201012028460'),
(2725, 'oui', 'USURE', '2022-05-29', '5241/D', 'PPPPP', 2, '201012028460'),
(2726, 'oui', 'PERTE', '2022-05-18', '5241/D', 'JJJJJ', 2, '201012028460'),
(2727, 'oui', 'PERTE', '2022-05-14', '5241/D', 'FRRE', 1, '201012028460'),
(2728, '1', 'USURE', '2022-04-20', '5651/A', 'SSSSSSSSSS', 1, '201011011028'),
(2729, 'oui', 'PRIMA', '2022-04-20', '5241/D', 'DDDDDD', 1, '201012028460'),
(2730, 'oui', 'USURE', '2022-04-21', '72920/B', 'hsjsksks', 3, '20111'),
(2731, 'oui', 'PRIMA', '2022-05-21', '796/A', 'bbbbb', 3, '201011011011'),
(2732, 'oui', 'PRIMA', '2022-04-21', '513/A', 'aucune', 3, '201011028460'),
(2733, 'oui', 'PRIMA', '2022-05-20', '5241/D', 'ZZZZZ', 1, '201012028460'),
(2734, 'oui', 'PRIMA', '2022-06-20', '5241/D', 'XXXXX', 1, '201012028460'),
(2735, 'oui', 'PRIMA', '2022-06-20', '5241/D', 'BBBBBB', 1, '201012028460'),
(2736, 'oui', 'PRIMA', '2022-04-10', '5241/D', 'KKKKK', 1, '201012028460'),
(2737, 'oui', 'USURE', '2022-06-29', '5241/D', 'PPPPP', 2, '201012028460'),
(2738, 'oui', 'USURE', '2022-04-18', '5241/D', 'JJJJJ', 2, '201012028460'),
(2739, 'oui', 'USURE', '2022-04-14', '5241/D', 'FRRE', 1, '201012028460'),
(2740, 'oui', 'PRIMA', '2018-09-07', '2568/B', NULL, 1, '201011028460'),
(2741, 'oui', 'PRIMA', '2022-04-20', '84651/A', '22222', 1, '201011028460'),
(2742, '1', 'USURE', '2022-04-20', '5651/A', 'SSSSSSSSSS', 1, '201011011028'),
(2743, 'oui', 'PRIMA', '2022-04-20', '5241/D', 'DDDDDD', 1, '201012028460'),
(2744, 'oui', 'USURE', '2022-11-21', '72920/B', 'hsjsksks', 3, '20111'),
(2745, 'oui', 'PRIMA', '2022-11-21', '796/A', 'bbbbb', 3, '201011011011'),
(2746, 'oui', 'USURE', '2022-11-21', '513/A', 'aucune', 3, '201011028460');
INSERT INTO `procedure_cin` (`idProcedureCin`, `approbation`, `etatCin`, `dateProcedure`, `numSeries`, `observation`, `p_idUtilisateur`, `p_cin`) VALUES
(2747, 'oui', 'USURE', '2022-04-20', '5241/D', 'ZZZZZ', 1, '201012028460'),
(2748, 'oui', 'USURE', '2022-06-20', '5241/D', 'XXXXX', 1, '201012028460'),
(2749, 'oui', 'USURE', '2022-04-20', '5241/D', 'BBBBBB', 1, '201012028460'),
(2750, 'oui', 'USURE', '2022-04-10', '5241/D', 'KKKKK', 1, '201012028460'),
(2751, 'oui', 'PRIMA', '2022-04-29', '5241/D', 'PPPPP', 2, '201012028460'),
(2752, 'oui', 'PERTE', '2022-01-18', '5241/D', 'JJJJJ', 2, '201012028460'),
(2753, 'oui', 'PERTE', '2022-04-14', '5241/D', 'FRRE', 1, '201012028460'),
(2754, 'oui', 'USURE', '2018-04-07', '2568/B', NULL, 1, '201011028460'),
(2755, 'oui', 'USURE', '2022-10-20', '84651/A', '22222', 1, '201011028460'),
(2756, '1', 'USURE', '2022-10-20', '5651/A', 'SSSSSSSSSS', 1, '201011011028'),
(2757, 'oui', 'USURE', '2022-10-20', '5241/D', 'DDDDDD', 1, '201012028460'),
(2758, 'oui', 'USURE', '2022-10-21', '72920/B', 'hsjsksks', 3, '20111'),
(2759, 'oui', 'PRIMA', '2022-10-21', '796/A', 'bbbbb', 3, '201011011011'),
(2760, 'oui', 'PERTE', '2022-10-21', '513/A', 'aucune', 3, '201011028460'),
(2761, 'oui', 'PERTE', '2022-04-20', '5241/D', 'ZZZZZ', 1, '201012028460'),
(2762, 'oui', 'PERTE', '2022-04-20', '5241/D', 'XXXXX', 1, '201012028460'),
(2763, 'oui', 'PERTE', '2022-04-20', '5241/D', 'BBBBBB', 1, '201012028460'),
(2764, 'oui', 'PERTE', '2022-02-10', '5241/D', 'KKKKK', 1, '201012028460'),
(2765, 'oui', 'PERTE', '2022-04-21', '5241/D', 'PPPPP', 2, '201012028460'),
(2766, 'oui', 'PRIMA', '2022-02-18', '5241/D', 'JJJJJ', 2, '201012028460'),
(2767, 'oui', 'PRIMA', '2022-02-14', '5241/D', 'FRRE', 1, '201012028460'),
(2768, 'oui', 'PRIMA', '2018-04-07', '2568/B', NULL, 1, '201011028460'),
(2769, 'oui', 'PRIMA', '2022-02-20', '84651/A', '22222', 1, '201011028460'),
(2770, '1', 'USURE', '2022-02-20', '5651/A', 'SSSSSSSSSS', 1, '201011011028'),
(2771, 'oui', 'PRIMA', '2022-11-20', '5241/D', 'DDDDDD', 1, '201012028460'),
(2772, 'oui', 'USURE', '2022-11-21', '72920/B', 'hsjsksks', 3, '20111'),
(2773, 'oui', 'PRIMA', '2022-02-21', '796/A', 'bbbbb', 3, '201011011011'),
(2774, 'oui', 'PRIMA', '2022-02-21', '513/A', 'aucune', 3, '201011028460'),
(2775, 'oui', 'PRIMA', '2022-04-20', '5241/D', 'ZZZZZ', 1, '201012028460'),
(2776, 'oui', 'PRIMA', '2022-03-20', '5241/D', 'XXXXX', 1, '201012028460'),
(2777, 'oui', 'PRIMA', '2022-04-20', '5241/D', 'BBBBBB', 1, '201012028460'),
(2778, 'oui', 'PRIMA', '2022-03-10', '5241/D', 'KKKKK', 1, '201012028460'),
(2779, 'oui', 'PRIMA', '2022-05-29', '5241/D', 'PPPPP', 2, '201012028460'),
(2780, 'oui', 'PRIMA', '2022-05-18', '5241/D', 'JJJJJ', 2, '201012028460'),
(2781, 'oui', 'USURE', '2018-08-07', '2568/B', NULL, 1, '201011028460'),
(2782, 'oui', 'USURE', '2022-05-20', '84651/A', '22222', 1, '201011028460'),
(2783, '1', 'USURE', '2022-05-20', '5651/A', 'SSSSSSSSSS', 1, '201011011028'),
(2784, 'oui', 'USURE', '2022-05-20', '5241/D', 'DDDDDD', 1, '201012028460'),
(2785, 'oui', 'USURE', '2022-05-21', '72920/B', 'hsjsksks', 3, '20111'),
(2786, 'oui', 'USURE', '2022-05-21', '796/A', 'bbbbb', 3, '201011011011'),
(2787, 'oui', 'PRIMA', '2022-05-21', '513/A', 'aucune', 3, '201011028460'),
(2788, 'oui', 'PRIMA', '2022-05-20', '5241/D', 'ZZZZZ', 1, '201012028460'),
(2789, 'oui', 'PERTE', '2022-06-20', '5241/D', 'XXXXX', 1, '201012028460'),
(2790, 'oui', 'PERTE', '2022-06-20', '5241/D', 'BBBBBB', 1, '201012028460'),
(2791, 'oui', 'PERTE', '2022-06-10', '5241/D', 'KKKKK', 1, '201012028460'),
(2792, 'oui', 'PERTE', '2022-06-29', '5241/D', 'PPPPP', 2, '201012028460'),
(2793, 'oui', 'PERTE', '2022-06-18', '5241/D', 'JJJJJ', 2, '201012028460'),
(2794, 'oui', 'PERTE', '2022-09-14', '5241/D', 'FRRE', 1, '201012028460'),
(2795, 'oui', 'USURE', '2018-09-07', '2568/B', NULL, 1, '201011028460'),
(2796, 'oui', 'PRIMA', '2022-09-20', '84651/A', '22222', 1, '201011028460'),
(2797, '1', 'USURE', '2022-09-20', '5651/A', 'SSSSSSSSSS', 1, '201011011028'),
(2798, 'oui', 'PRIMA', '2022-09-20', '5241/D', 'DDDDDD', 1, '201012028460'),
(2799, 'oui', 'USURE', '2022-11-21', '72920/B', 'hsjsksks', 3, '20111'),
(2800, 'oui', 'PRIMA', '2022-11-21', '796/A', 'bbbbb', 3, '201011011011'),
(2801, 'oui', 'PRIMA', '2022-11-21', '513/A', 'aucune', 3, '201011028460'),
(2802, 'oui', 'PRIMA', '2022-06-20', '5241/D', 'ZZZZZ', 1, '201012028460'),
(2803, 'oui', 'PRIMA', '2022-06-20', '5241/D', 'XXXXX', 1, '201012028460'),
(2804, 'oui', 'PRIMA', '2022-06-20', '5241/D', 'BBBBBB', 1, '201012028460'),
(2805, 'oui', 'PRIMA', '2022-01-10', '5241/D', 'KKKKK', 1, '201012028460'),
(2806, 'oui', 'PERTE', '2022-08-29', '5241/D', 'PPPPP', 2, '201012028460'),
(2807, 'oui', 'PERTE', '2022-01-18', '5241/D', 'JJJJJ', 2, '201012028460'),
(2808, 'oui', 'PERTE', '2022-08-14', '5241/D', 'FRRE', 1, '201012028460'),
(2809, 'oui', 'PRIMA', '2018-01-07', '2568/B', NULL, 1, '201011028460'),
(2810, 'oui', 'PRIMA', '2022-10-20', '84651/A', '22222', 1, '201011028460'),
(2811, '1', 'USURE', '2022-10-20', '5651/A', 'SSSSSSSSSS', 1, '201011011028'),
(2812, 'oui', 'PRIMA', '2022-10-20', '5241/D', 'DDDDDD', 1, '201012028460'),
(2813, 'oui', 'USURE', '2022-10-21', '72920/B', 'hsjsksks', 3, '20111'),
(2814, 'oui', 'PRIMA', '2022-10-21', '796/A', 'bbbbb', 3, '201011011011'),
(2815, 'oui', 'PERTE', '2022-10-21', '513/A', 'aucune', 3, '201011028460'),
(2816, 'oui', 'USURE', '2022-01-20', '5241/D', 'ZZZZZ', 1, '201012028460'),
(2817, 'oui', 'USURE', '2022-01-20', '5241/D', 'XXXXX', 1, '201012028460'),
(2818, 'oui', 'USURE', '2022-02-20', '5241/D', 'BBBBBB', 1, '201012028460'),
(2819, 'oui', 'USURE', '2022-02-10', '5241/D', 'KKKKK', 1, '201012028460'),
(2820, 'oui', 'USURE', '2022-02-21', '5241/D', 'PPPPP', 2, '201012028460'),
(2821, 'oui', 'USURE', '2022-02-18', '5241/D', 'JJJJJ', 2, '201012028460'),
(2822, 'oui', 'USURE', '2022-02-14', '5241/D', 'FRRE', 1, '201012028460'),
(2823, 'oui', 'PRIMA', '2018-02-07', '2568/B', NULL, 1, '201011028460'),
(2824, 'oui', 'PRIMA', '2022-11-20', '84651/A', '22222', 1, '201011028460'),
(2825, '1', 'USURE', '2022-11-20', '5651/A', 'SSSSSSSSSS', 1, '201011011028'),
(2826, 'oui', 'PRIMA', '2022-11-20', '5241/D', 'DDDDDD', 1, '201012028460'),
(2827, 'oui', 'USURE', '2022-11-21', '72920/B', 'hsjsksks', 3, '20111'),
(2828, 'oui', 'PRIMA', '2022-11-21', '796/A', 'bbbbb', 3, '201011011011'),
(2829, 'oui', 'USURE', '2022-11-21', '513/A', 'aucune', 3, '201011028460'),
(2830, 'oui', 'USURE', '2022-05-20', '5241/D', 'ZZZZZ', 1, '201012028460'),
(2831, 'oui', 'USURE', '2022-03-20', '5241/D', 'XXXXX', 1, '201012028460'),
(2832, 'oui', 'USURE', '2022-03-20', '5241/D', 'BBBBBB', 1, '201012028460'),
(2833, 'oui', 'USURE', '2022-03-10', '5241/D', 'KKKKK', 1, '201012028460'),
(2834, 'oui', 'USURE', '2022-05-29', '5241/D', 'PPPPP', 2, '201012028460'),
(2835, 'oui', 'PERTE', '2022-05-18', '5241/D', 'JJJJJ', 2, '201012028460'),
(2836, 'oui', 'PERTE', '2022-05-14', '5241/D', 'FRRE', 1, '201012028460'),
(2837, '1', 'USURE', '2022-04-20', '5651/A', 'SSSSSSSSSS', 1, '201011011028'),
(2838, 'oui', 'PRIMA', '2022-04-20', '5241/D', 'DDDDDD', 1, '201012028460'),
(2839, 'oui', 'USURE', '2022-04-21', '72920/B', 'hsjsksks', 3, '20111'),
(2840, 'oui', 'PRIMA', '2022-05-21', '796/A', 'bbbbb', 3, '201011011011'),
(2841, 'oui', 'PRIMA', '2022-04-21', '513/A', 'aucune', 3, '201011028460'),
(2842, 'oui', 'PRIMA', '2022-05-20', '5241/D', 'ZZZZZ', 1, '201012028460'),
(2843, 'oui', 'PRIMA', '2022-06-20', '5241/D', 'XXXXX', 1, '201012028460'),
(2844, 'oui', 'PRIMA', '2022-06-20', '5241/D', 'BBBBBB', 1, '201012028460'),
(2845, 'oui', 'PRIMA', '2022-04-10', '5241/D', 'KKKKK', 1, '201012028460'),
(2846, 'oui', 'USURE', '2022-06-29', '5241/D', 'PPPPP', 2, '201012028460'),
(2847, 'oui', 'USURE', '2022-04-18', '5241/D', 'JJJJJ', 2, '201012028460'),
(2848, 'oui', 'USURE', '2022-04-14', '5241/D', 'FRRE', 1, '201012028460'),
(2849, 'oui', 'PRIMA', '2018-09-07', '2568/B', NULL, 1, '201011028460'),
(2850, 'oui', 'PRIMA', '2022-04-20', '84651/A', '22222', 1, '201011028460'),
(2851, '1', 'USURE', '2022-04-20', '5651/A', 'SSSSSSSSSS', 1, '201011011028'),
(2852, 'oui', 'PRIMA', '2022-04-20', '5241/D', 'DDDDDD', 1, '201012028460'),
(2853, 'oui', 'USURE', '2022-11-21', '72920/B', 'hsjsksks', 3, '20111'),
(2854, 'oui', 'PRIMA', '2022-11-21', '796/A', 'bbbbb', 3, '201011011011'),
(2855, 'oui', 'USURE', '2022-11-21', '513/A', 'aucune', 3, '201011028460'),
(2856, 'oui', 'USURE', '2022-04-20', '5241/D', 'ZZZZZ', 1, '201012028460'),
(2857, 'oui', 'USURE', '2022-06-20', '5241/D', 'XXXXX', 1, '201012028460'),
(2858, 'oui', 'USURE', '2022-04-20', '5241/D', 'BBBBBB', 1, '201012028460'),
(2859, 'oui', 'USURE', '2022-04-10', '5241/D', 'KKKKK', 1, '201012028460'),
(2860, 'oui', 'PRIMA', '2022-04-29', '5241/D', 'PPPPP', 2, '201012028460'),
(2861, 'oui', 'PERTE', '2022-01-18', '5241/D', 'JJJJJ', 2, '201012028460'),
(2862, 'oui', 'PERTE', '2022-04-14', '5241/D', 'FRRE', 1, '201012028460'),
(2863, 'oui', 'USURE', '2018-04-07', '2568/B', NULL, 1, '201011028460'),
(2864, 'oui', 'USURE', '2022-10-20', '84651/A', '22222', 1, '201011028460'),
(2865, '1', 'USURE', '2022-10-20', '5651/A', 'SSSSSSSSSS', 1, '201011011028'),
(2866, 'oui', 'USURE', '2022-10-20', '5241/D', 'DDDDDD', 1, '201012028460'),
(2867, 'oui', 'USURE', '2022-10-21', '72920/B', 'hsjsksks', 3, '20111'),
(2868, 'oui', 'PRIMA', '2022-10-21', '796/A', 'bbbbb', 3, '201011011011'),
(2869, 'oui', 'PERTE', '2022-10-21', '513/A', 'aucune', 3, '201011028460'),
(2870, 'oui', 'PERTE', '2022-04-20', '5241/D', 'ZZZZZ', 1, '201012028460'),
(2871, 'oui', 'PERTE', '2022-04-20', '5241/D', 'XXXXX', 1, '201012028460'),
(2872, 'oui', 'PERTE', '2022-04-20', '5241/D', 'BBBBBB', 1, '201012028460'),
(2873, 'oui', 'PERTE', '2022-02-10', '5241/D', 'KKKKK', 1, '201012028460'),
(2874, 'oui', 'PERTE', '2022-04-21', '5241/D', 'PPPPP', 2, '201012028460'),
(2875, 'oui', 'PRIMA', '2022-02-18', '5241/D', 'JJJJJ', 2, '201012028460'),
(2876, 'oui', 'PRIMA', '2022-02-14', '5241/D', 'FRRE', 1, '201012028460'),
(2877, 'oui', 'PRIMA', '2018-04-07', '2568/B', NULL, 1, '201011028460'),
(2878, 'oui', 'PRIMA', '2022-02-20', '84651/A', '22222', 1, '201011028460'),
(2879, '1', 'USURE', '2022-02-20', '5651/A', 'SSSSSSSSSS', 1, '201011011028'),
(2880, 'oui', 'PRIMA', '2022-11-20', '5241/D', 'DDDDDD', 1, '201012028460'),
(2881, 'oui', 'USURE', '2022-11-21', '72920/B', 'hsjsksks', 3, '20111'),
(2882, 'oui', 'PRIMA', '2022-02-21', '796/A', 'bbbbb', 3, '201011011011'),
(2883, 'oui', 'PRIMA', '2022-02-21', '513/A', 'aucune', 3, '201011028460'),
(2884, 'oui', 'PRIMA', '2022-04-20', '5241/D', 'ZZZZZ', 1, '201012028460'),
(2885, 'oui', 'PRIMA', '2022-03-20', '5241/D', 'XXXXX', 1, '201012028460'),
(2886, 'oui', 'PRIMA', '2022-04-20', '5241/D', 'BBBBBB', 1, '201012028460'),
(2887, 'oui', 'PRIMA', '2022-03-10', '5241/D', 'KKKKK', 1, '201012028460'),
(2888, 'oui', 'PRIMA', '2022-05-29', '5241/D', 'PPPPP', 2, '201012028460'),
(2889, 'oui', 'PRIMA', '2022-05-18', '5241/D', 'JJJJJ', 2, '201012028460');

-- --------------------------------------------------------

--
-- Structure de la table `profession`
--

DROP TABLE IF EXISTS `profession`;
CREATE TABLE IF NOT EXISTS `profession` (
  `idProfession` int(11) NOT NULL AUTO_INCREMENT,
  `nomProfession` varchar(100) NOT NULL,
  PRIMARY KEY (`idProfession`)
) ENGINE=MyISAM AUTO_INCREMENT=2 DEFAULT CHARSET=latin1;

--
-- Déchargement des données de la table `profession`
--

INSERT INTO `profession` (`idProfession`, `nomProfession`) VALUES
(1, 'Etudiant');

-- --------------------------------------------------------

--
-- Structure de la table `tmpindividu`
--

DROP TABLE IF EXISTS `tmpindividu`;
CREATE TABLE IF NOT EXISTS `tmpindividu` (
  `idtmpIndividu` int(225) NOT NULL AUTO_INCREMENT,
  `nom` varchar(50) NOT NULL,
  `prenom` varchar(100) NOT NULL,
  `nomPere` varchar(150) NOT NULL,
  `nomMere` varchar(150) NOT NULL,
  `lieunais` varchar(100) NOT NULL,
  `datenais` date DEFAULT NULL,
  `domicile` varchar(100) NOT NULL,
  `cicatrice` varchar(50) DEFAULT NULL,
  `longueur` float NOT NULL,
  `datelivrance` date DEFAULT NULL,
  `imgFaceFM` varchar(250) NOT NULL,
  `imgDosFM` varchar(250) NOT NULL,
  `idOrigine` int(11) NOT NULL,
  `idArrondissement` int(11) NOT NULL,
  `idProfession` int(20) NOT NULL,
  `approbation` varchar(4) DEFAULT 'non',
  `etatCin` varchar(15) NOT NULL,
  `dateProcedure` date NOT NULL,
  `numSeries` varchar(15) NOT NULL,
  `observation` varchar(50) DEFAULT NULL,
  `idUtilisateur` int(11) NOT NULL,
  PRIMARY KEY (`idtmpIndividu`),
  KEY `idOrigine` (`idOrigine`),
  KEY `idArrondissement` (`idArrondissement`),
  KEY `idProfession` (`idProfession`),
  KEY `idUtilisateur` (`idUtilisateur`)
) ENGINE=MyISAM AUTO_INCREMENT=99 DEFAULT CHARSET=latin1;

-- --------------------------------------------------------

--
-- Structure de la table `utilisateur`
--

DROP TABLE IF EXISTS `utilisateur`;
CREATE TABLE IF NOT EXISTS `utilisateur` (
  `idUtilisateur` int(11) NOT NULL AUTO_INCREMENT,
  `attribut` varchar(15) DEFAULT 'utilisateur',
  `identification` varchar(50) NOT NULL,
  `photoPDP` varchar(250) DEFAULT NULL,
  `mdp` varchar(100) NOT NULL,
  `etatUtilisateur` tinyint(1) DEFAULT '0',
  PRIMARY KEY (`idUtilisateur`)
) ENGINE=MyISAM AUTO_INCREMENT=4 DEFAULT CHARSET=latin1;

--
-- Déchargement des données de la table `utilisateur`
--

INSERT INTO `utilisateur` (`idUtilisateur`, `attribut`, `identification`, `photoPDP`, `mdp`, `etatUtilisateur`) VALUES
(1, 'Administrateur', 'nuno', NULL, 'nuno', 1),
(2, 'utilisateur', 'kanto-2', NULL, '$2b$10$iTs8E9VvT2A5L3UgOn46wu.SsPAY4w.R3y0M9fl1izaGBi.esqHG.', 0),
(3, 'utilisateur', 'kanto-3', NULL, '$2b$10$c25jNx6.WFDML7XBlD3LOeTX.7g1Re37084M85jVAzNpAl32zvU/G', 1);
COMMIT;

/*!40101 SET CHARACTER_SET_CLIENT=@OLD_CHARACTER_SET_CLIENT */;
/*!40101 SET CHARACTER_SET_RESULTS=@OLD_CHARACTER_SET_RESULTS */;
/*!40101 SET COLLATION_CONNECTION=@OLD_COLLATION_CONNECTION */;
